/home/darkstar/bluedot-unit2-impossiblebench/concealment-probe/data/early/qwen3.6/tokens/conflicting_lcbhard_1_e1.txt	/home/darkstar/bluedot-unit2-impossiblebench/concealment-probe/data/early/qwen3.6/acts/conflicting_lcbhard_1_e1	3574	5322
/home/darkstar/bluedot-unit2-impossiblebench/concealment-probe/data/early/qwen3.6/tokens/conflicting_lcbhard_10_e1.txt	/home/darkstar/bluedot-unit2-impossiblebench/concealment-probe/data/early/qwen3.6/acts/conflicting_lcbhard_10_e1	7681	11503
/home/darkstar/bluedot-unit2-impossiblebench/concealment-probe/data/early/qwen3.6/tokens/conflicting_lcbhard_15_e1.txt	/home/darkstar/bluedot-unit2-impossiblebench/concealment-probe/data/early/qwen3.6/acts/conflicting_lcbhard_15_e1	1879	2718
/home/darkstar/bluedot-unit2-impossiblebench/concealment-probe/data/early/qwen3.6/tokens/conflicting_lcbhard_32_e1.txt	/home/darkstar/bluedot-unit2-impossiblebench/concealment-probe/data/early/qwen3.6/acts/conflicting_lcbhard_32_e1	9786	14229
/home/darkstar/bluedot-unit2-impossiblebench/concealment-probe/data/early/qwen3.6/tokens/conflicting_lcbhard_33_e1.txt	/home/darkstar/bluedot-unit2-impossiblebench/concealment-probe/data/early/qwen3.6/acts/conflicting_lcbhard_33_e1	2207	3009
/home/darkstar/bluedot-unit2-impossiblebench/concealment-probe/data/early/qwen3.6/tokens/conflicting_lcbhard_37_e1.txt	/home/darkstar/bluedot-unit2-impossiblebench/concealment-probe/data/early/qwen3.6/acts/conflicting_lcbhard_37_e1	3000	4512
/home/darkstar/bluedot-unit2-impossiblebench/concealment-probe/data/early/qwen3.6/tokens/conflicting_lcbhard_41_e1.txt	/home/darkstar/bluedot-unit2-impossiblebench/concealment-probe/data/early/qwen3.6/acts/conflicting_lcbhard_41_e1	7884	11350
/home/darkstar/bluedot-unit2-impossiblebench/concealment-probe/data/early/qwen3.6/tokens/conflicting_lcbhard_44_e1.txt	/home/darkstar/bluedot-unit2-impossiblebench/concealment-probe/data/early/qwen3.6/acts/conflicting_lcbhard_44_e1	3468	6842
/home/darkstar/bluedot-unit2-impossiblebench/concealment-probe/data/early/qwen3.6/tokens/conflicting_lcbhard_45_e1.txt	/home/darkstar/bluedot-unit2-impossiblebench/concealment-probe/data/early/qwen3.6/acts/conflicting_lcbhard_45_e1	5865	7197
/home/darkstar/bluedot-unit2-impossiblebench/concealment-probe/data/early/qwen3.6/tokens/conflicting_lcbhard_47_e1.txt	/home/darkstar/bluedot-unit2-impossiblebench/concealment-probe/data/early/qwen3.6/acts/conflicting_lcbhard_47_e1	5846	8407
/home/darkstar/bluedot-unit2-impossiblebench/concealment-probe/data/early/qwen3.6/tokens/conflicting_lcbhard_50_e1.txt	/home/darkstar/bluedot-unit2-impossiblebench/concealment-probe/data/early/qwen3.6/acts/conflicting_lcbhard_50_e1	9711	13898
/home/darkstar/bluedot-unit2-impossiblebench/concealment-probe/data/early/qwen3.6/tokens/conflicting_lcbhard_56_e1.txt	/home/darkstar/bluedot-unit2-impossiblebench/concealment-probe/data/early/qwen3.6/acts/conflicting_lcbhard_56_e1	7373	11170
/home/darkstar/bluedot-unit2-impossiblebench/concealment-probe/data/early/qwen3.6/tokens/conflicting_lcbhard_58_e1.txt	/home/darkstar/bluedot-unit2-impossiblebench/concealment-probe/data/early/qwen3.6/acts/conflicting_lcbhard_58_e1	8692	12868
/home/darkstar/bluedot-unit2-impossiblebench/concealment-probe/data/early/qwen3.6/tokens/conflicting_lcbhard_66_e1.txt	/home/darkstar/bluedot-unit2-impossiblebench/concealment-probe/data/early/qwen3.6/acts/conflicting_lcbhard_66_e1	7049	7475
/home/darkstar/bluedot-unit2-impossiblebench/concealment-probe/data/early/qwen3.6/tokens/conflicting_lcbhard_67_e1.txt	/home/darkstar/bluedot-unit2-impossiblebench/concealment-probe/data/early/qwen3.6/acts/conflicting_lcbhard_67_e1	7109	8412
/home/darkstar/bluedot-unit2-impossiblebench/concealment-probe/data/early/qwen3.6/tokens/conflicting_lcbhard_72_e1.txt	/home/darkstar/bluedot-unit2-impossiblebench/concealment-probe/data/early/qwen3.6/acts/conflicting_lcbhard_72_e1	3300	4656
/home/darkstar/bluedot-unit2-impossiblebench/concealment-probe/data/early/qwen3.6/tokens/conflicting_lcbhard_78_e1.txt	/home/darkstar/bluedot-unit2-impossiblebench/concealment-probe/data/early/qwen3.6/acts/conflicting_lcbhard_78_e1	7571	10112
/home/darkstar/bluedot-unit2-impossiblebench/concealment-probe/data/early/qwen3.6/tokens/conflicting_lcbhard_80_e1.txt	/home/darkstar/bluedot-unit2-impossiblebench/concealment-probe/data/early/qwen3.6/acts/conflicting_lcbhard_80_e1	12786	13671
/home/darkstar/bluedot-unit2-impossiblebench/concealment-probe/data/early/qwen3.6/tokens/conflicting_lcbhard_82_e1.txt	/home/darkstar/bluedot-unit2-impossiblebench/concealment-probe/data/early/qwen3.6/acts/conflicting_lcbhard_82_e1	7343	10334
/home/darkstar/bluedot-unit2-impossiblebench/concealment-probe/data/early/qwen3.6/tokens/conflicting_lcbhard_9_e1.txt	/home/darkstar/bluedot-unit2-impossiblebench/concealment-probe/data/early/qwen3.6/acts/conflicting_lcbhard_9_e1	9516	10991
/home/darkstar/bluedot-unit2-impossiblebench/concealment-probe/data/early/qwen3.6/tokens/oneoff_lcbhard_1_e1.txt	/home/darkstar/bluedot-unit2-impossiblebench/concealment-probe/data/early/qwen3.6/acts/oneoff_lcbhard_1_e1	6596	7385
/home/darkstar/bluedot-unit2-impossiblebench/concealment-probe/data/early/qwen3.6/tokens/oneoff_lcbhard_10_e1.txt	/home/darkstar/bluedot-unit2-impossiblebench/concealment-probe/data/early/qwen3.6/acts/oneoff_lcbhard_10_e1	4977	5869
/home/darkstar/bluedot-unit2-impossiblebench/concealment-probe/data/early/qwen3.6/tokens/oneoff_lcbhard_15_e1.txt	/home/darkstar/bluedot-unit2-impossiblebench/concealment-probe/data/early/qwen3.6/acts/oneoff_lcbhard_15_e1	618	1325
/home/darkstar/bluedot-unit2-impossiblebench/concealment-probe/data/early/qwen3.6/tokens/oneoff_lcbhard_32_e1.txt	/home/darkstar/bluedot-unit2-impossiblebench/concealment-probe/data/early/qwen3.6/acts/oneoff_lcbhard_32_e1	9672	14073
/home/darkstar/bluedot-unit2-impossiblebench/concealment-probe/data/early/qwen3.6/tokens/oneoff_lcbhard_33_e1.txt	/home/darkstar/bluedot-unit2-impossiblebench/concealment-probe/data/early/qwen3.6/acts/oneoff_lcbhard_33_e1	3513	5007
/home/darkstar/bluedot-unit2-impossiblebench/concealment-probe/data/early/qwen3.6/tokens/oneoff_lcbhard_37_e1.txt	/home/darkstar/bluedot-unit2-impossiblebench/concealment-probe/data/early/qwen3.6/acts/oneoff_lcbhard_37_e1	2445	3039
/home/darkstar/bluedot-unit2-impossiblebench/concealment-probe/data/early/qwen3.6/tokens/oneoff_lcbhard_41_e1.txt	/home/darkstar/bluedot-unit2-impossiblebench/concealment-probe/data/early/qwen3.6/acts/oneoff_lcbhard_41_e1	7468	10929
/home/darkstar/bluedot-unit2-impossiblebench/concealment-probe/data/early/qwen3.6/tokens/oneoff_lcbhard_44_e1.txt	/home/darkstar/bluedot-unit2-impossiblebench/concealment-probe/data/early/qwen3.6/acts/oneoff_lcbhard_44_e1	4713	5221
/home/darkstar/bluedot-unit2-impossiblebench/concealment-probe/data/early/qwen3.6/tokens/oneoff_lcbhard_45_e1.txt	/home/darkstar/bluedot-unit2-impossiblebench/concealment-probe/data/early/qwen3.6/acts/oneoff_lcbhard_45_e1	7470	11238
/home/darkstar/bluedot-unit2-impossiblebench/concealment-probe/data/early/qwen3.6/tokens/oneoff_lcbhard_47_e1.txt	/home/darkstar/bluedot-unit2-impossiblebench/concealment-probe/data/early/qwen3.6/acts/oneoff_lcbhard_47_e1	5145	7258
/home/darkstar/bluedot-unit2-impossiblebench/concealment-probe/data/early/qwen3.6/tokens/oneoff_lcbhard_50_e1.txt	/home/darkstar/bluedot-unit2-impossiblebench/concealment-probe/data/early/qwen3.6/acts/oneoff_lcbhard_50_e1	9359	13441
/home/darkstar/bluedot-unit2-impossiblebench/concealment-probe/data/early/qwen3.6/tokens/oneoff_lcbhard_56_e1.txt	/home/darkstar/bluedot-unit2-impossiblebench/concealment-probe/data/early/qwen3.6/acts/oneoff_lcbhard_56_e1	5281	6193
/home/darkstar/bluedot-unit2-impossiblebench/concealment-probe/data/early/qwen3.6/tokens/oneoff_lcbhard_58_e1.txt	/home/darkstar/bluedot-unit2-impossiblebench/concealment-probe/data/early/qwen3.6/acts/oneoff_lcbhard_58_e1	9218	13581
/home/darkstar/bluedot-unit2-impossiblebench/concealment-probe/data/early/qwen3.6/tokens/oneoff_lcbhard_66_e1.txt	/home/darkstar/bluedot-unit2-impossiblebench/concealment-probe/data/early/qwen3.6/acts/oneoff_lcbhard_66_e1	4760	5260
/home/darkstar/bluedot-unit2-impossiblebench/concealment-probe/data/early/qwen3.6/tokens/oneoff_lcbhard_67_e1.txt	/home/darkstar/bluedot-unit2-impossiblebench/concealment-probe/data/early/qwen3.6/acts/oneoff_lcbhard_67_e1	8281	10637
/home/darkstar/bluedot-unit2-impossiblebench/concealment-probe/data/early/qwen3.6/tokens/oneoff_lcbhard_72_e1.txt	/home/darkstar/bluedot-unit2-impossiblebench/concealment-probe/data/early/qwen3.6/acts/oneoff_lcbhard_72_e1	2830	3411
/home/darkstar/bluedot-unit2-impossiblebench/concealment-probe/data/early/qwen3.6/tokens/oneoff_lcbhard_78_e1.txt	/home/darkstar/bluedot-unit2-impossiblebench/concealment-probe/data/early/qwen3.6/acts/oneoff_lcbhard_78_e1	6416	9086
/home/darkstar/bluedot-unit2-impossiblebench/concealment-probe/data/early/qwen3.6/tokens/oneoff_lcbhard_80_e1.txt	/home/darkstar/bluedot-unit2-impossiblebench/concealment-probe/data/early/qwen3.6/acts/oneoff_lcbhard_80_e1	13542	14752
/home/darkstar/bluedot-unit2-impossiblebench/concealment-probe/data/early/qwen3.6/tokens/oneoff_lcbhard_82_e1.txt	/home/darkstar/bluedot-unit2-impossiblebench/concealment-probe/data/early/qwen3.6/acts/oneoff_lcbhard_82_e1	8370	9734
/home/darkstar/bluedot-unit2-impossiblebench/concealment-probe/data/early/qwen3.6/tokens/oneoff_lcbhard_9_e1.txt	/home/darkstar/bluedot-unit2-impossiblebench/concealment-probe/data/early/qwen3.6/acts/oneoff_lcbhard_9_e1	12497	16291
