/home/darkstar/bluedot-unit2-impossiblebench/concealment-probe/data/llama70b/llama3.3-70b/tokens/oneoff_lcbhard_41_e1.txt	/home/darkstar/bluedot-unit2-impossiblebench/concealment-probe/data/llama70b/llama3.3-70b/acts/oneoff_lcbhard_41_e1	3745	4336
/home/darkstar/bluedot-unit2-impossiblebench/concealment-probe/data/llama70b/llama3.3-70b/tokens/oneoff_lcbhard_78_e1.txt	/home/darkstar/bluedot-unit2-impossiblebench/concealment-probe/data/llama70b/llama3.3-70b/acts/oneoff_lcbhard_78_e1	2688	4231
/home/darkstar/bluedot-unit2-impossiblebench/concealment-probe/data/llama70b/llama3.3-70b/tokens/oneoff_lcbhard_82_e1.txt	/home/darkstar/bluedot-unit2-impossiblebench/concealment-probe/data/llama70b/llama3.3-70b/acts/oneoff_lcbhard_82_e1	5109	7146
/home/darkstar/bluedot-unit2-impossiblebench/concealment-probe/data/llama70b/llama3.3-70b/tokens/oneoff_lcbhard_1_e1.txt	/home/darkstar/bluedot-unit2-impossiblebench/concealment-probe/data/llama70b/llama3.3-70b/acts/oneoff_lcbhard_1_e1	2296	2887
/home/darkstar/bluedot-unit2-impossiblebench/concealment-probe/data/llama70b/llama3.3-70b/tokens/oneoff_lcbhard_47_e1.txt	/home/darkstar/bluedot-unit2-impossiblebench/concealment-probe/data/llama70b/llama3.3-70b/acts/oneoff_lcbhard_47_e1	3920	5574
/home/darkstar/bluedot-unit2-impossiblebench/concealment-probe/data/llama70b/llama3.3-70b/tokens/oneoff_lcbhard_67_e1.txt	/home/darkstar/bluedot-unit2-impossiblebench/concealment-probe/data/llama70b/llama3.3-70b/acts/oneoff_lcbhard_67_e1	4344	6102
/home/darkstar/bluedot-unit2-impossiblebench/concealment-probe/data/llama70b/llama3.3-70b/tokens/oneoff_lcbhard_10_e1.txt	/home/darkstar/bluedot-unit2-impossiblebench/concealment-probe/data/llama70b/llama3.3-70b/acts/oneoff_lcbhard_10_e1	3078	3261
/home/darkstar/bluedot-unit2-impossiblebench/concealment-probe/data/llama70b/llama3.3-70b/tokens/oneoff_lcbhard_15_e1.txt	/home/darkstar/bluedot-unit2-impossiblebench/concealment-probe/data/llama70b/llama3.3-70b/acts/oneoff_lcbhard_15_e1	1362	1919
/home/darkstar/bluedot-unit2-impossiblebench/concealment-probe/data/llama70b/llama3.3-70b/tokens/oneoff_lcbhard_21_e1.txt	/home/darkstar/bluedot-unit2-impossiblebench/concealment-probe/data/llama70b/llama3.3-70b/acts/oneoff_lcbhard_21_e1	1466	1568
/home/darkstar/bluedot-unit2-impossiblebench/concealment-probe/data/llama70b/llama3.3-70b/tokens/oneoff_lcbhard_30_e1.txt	/home/darkstar/bluedot-unit2-impossiblebench/concealment-probe/data/llama70b/llama3.3-70b/acts/oneoff_lcbhard_30_e1	2214	2860
/home/darkstar/bluedot-unit2-impossiblebench/concealment-probe/data/llama70b/llama3.3-70b/tokens/oneoff_lcbhard_32_e1.txt	/home/darkstar/bluedot-unit2-impossiblebench/concealment-probe/data/llama70b/llama3.3-70b/acts/oneoff_lcbhard_32_e1	3614	3900
/home/darkstar/bluedot-unit2-impossiblebench/concealment-probe/data/llama70b/llama3.3-70b/tokens/oneoff_lcbhard_33_e1.txt	/home/darkstar/bluedot-unit2-impossiblebench/concealment-probe/data/llama70b/llama3.3-70b/acts/oneoff_lcbhard_33_e1	2646	2957
/home/darkstar/bluedot-unit2-impossiblebench/concealment-probe/data/llama70b/llama3.3-70b/tokens/oneoff_lcbhard_37_e1.txt	/home/darkstar/bluedot-unit2-impossiblebench/concealment-probe/data/llama70b/llama3.3-70b/acts/oneoff_lcbhard_37_e1	1313	1926
/home/darkstar/bluedot-unit2-impossiblebench/concealment-probe/data/llama70b/llama3.3-70b/tokens/oneoff_lcbhard_44_e1.txt	/home/darkstar/bluedot-unit2-impossiblebench/concealment-probe/data/llama70b/llama3.3-70b/acts/oneoff_lcbhard_44_e1	2358	3088
/home/darkstar/bluedot-unit2-impossiblebench/concealment-probe/data/llama70b/llama3.3-70b/tokens/oneoff_lcbhard_45_e1.txt	/home/darkstar/bluedot-unit2-impossiblebench/concealment-probe/data/llama70b/llama3.3-70b/acts/oneoff_lcbhard_45_e1	2975	3157
/home/darkstar/bluedot-unit2-impossiblebench/concealment-probe/data/llama70b/llama3.3-70b/tokens/oneoff_lcbhard_50_e1.txt	/home/darkstar/bluedot-unit2-impossiblebench/concealment-probe/data/llama70b/llama3.3-70b/acts/oneoff_lcbhard_50_e1	4186	4396
/home/darkstar/bluedot-unit2-impossiblebench/concealment-probe/data/llama70b/llama3.3-70b/tokens/oneoff_lcbhard_55_e1.txt	/home/darkstar/bluedot-unit2-impossiblebench/concealment-probe/data/llama70b/llama3.3-70b/acts/oneoff_lcbhard_55_e1	4606	4953
/home/darkstar/bluedot-unit2-impossiblebench/concealment-probe/data/llama70b/llama3.3-70b/tokens/oneoff_lcbhard_56_e1.txt	/home/darkstar/bluedot-unit2-impossiblebench/concealment-probe/data/llama70b/llama3.3-70b/acts/oneoff_lcbhard_56_e1	4190	4773
/home/darkstar/bluedot-unit2-impossiblebench/concealment-probe/data/llama70b/llama3.3-70b/tokens/oneoff_lcbhard_58_e1.txt	/home/darkstar/bluedot-unit2-impossiblebench/concealment-probe/data/llama70b/llama3.3-70b/acts/oneoff_lcbhard_58_e1	3191	3547
/home/darkstar/bluedot-unit2-impossiblebench/concealment-probe/data/llama70b/llama3.3-70b/tokens/oneoff_lcbhard_65_e1.txt	/home/darkstar/bluedot-unit2-impossiblebench/concealment-probe/data/llama70b/llama3.3-70b/acts/oneoff_lcbhard_65_e1	2040	2475
/home/darkstar/bluedot-unit2-impossiblebench/concealment-probe/data/llama70b/llama3.3-70b/tokens/oneoff_lcbhard_66_e1.txt	/home/darkstar/bluedot-unit2-impossiblebench/concealment-probe/data/llama70b/llama3.3-70b/acts/oneoff_lcbhard_66_e1	3040	4110
/home/darkstar/bluedot-unit2-impossiblebench/concealment-probe/data/llama70b/llama3.3-70b/tokens/oneoff_lcbhard_72_e1.txt	/home/darkstar/bluedot-unit2-impossiblebench/concealment-probe/data/llama70b/llama3.3-70b/acts/oneoff_lcbhard_72_e1	4300	5548
/home/darkstar/bluedot-unit2-impossiblebench/concealment-probe/data/llama70b/llama3.3-70b/tokens/oneoff_lcbhard_8_e1.txt	/home/darkstar/bluedot-unit2-impossiblebench/concealment-probe/data/llama70b/llama3.3-70b/acts/oneoff_lcbhard_8_e1	1974	2235
/home/darkstar/bluedot-unit2-impossiblebench/concealment-probe/data/llama70b/llama3.3-70b/tokens/oneoff_lcbhard_80_e1.txt	/home/darkstar/bluedot-unit2-impossiblebench/concealment-probe/data/llama70b/llama3.3-70b/acts/oneoff_lcbhard_80_e1	3864	4014
/home/darkstar/bluedot-unit2-impossiblebench/concealment-probe/data/llama70b/llama3.3-70b/tokens/oneoff_lcbhard_9_e1.txt	/home/darkstar/bluedot-unit2-impossiblebench/concealment-probe/data/llama70b/llama3.3-70b/acts/oneoff_lcbhard_9_e1	1645	2004
/home/darkstar/bluedot-unit2-impossiblebench/concealment-probe/data/llama70b/llama3.3-70b/tokens/conflicting_lcbhard_1_e1.txt	/home/darkstar/bluedot-unit2-impossiblebench/concealment-probe/data/llama70b/llama3.3-70b/acts/conflicting_lcbhard_1_e1	1870	2471
/home/darkstar/bluedot-unit2-impossiblebench/concealment-probe/data/llama70b/llama3.3-70b/tokens/conflicting_lcbhard_10_e1.txt	/home/darkstar/bluedot-unit2-impossiblebench/concealment-probe/data/llama70b/llama3.3-70b/acts/conflicting_lcbhard_10_e1	3368	3536
/home/darkstar/bluedot-unit2-impossiblebench/concealment-probe/data/llama70b/llama3.3-70b/tokens/conflicting_lcbhard_15_e1.txt	/home/darkstar/bluedot-unit2-impossiblebench/concealment-probe/data/llama70b/llama3.3-70b/acts/conflicting_lcbhard_15_e1	1420	2031
/home/darkstar/bluedot-unit2-impossiblebench/concealment-probe/data/llama70b/llama3.3-70b/tokens/conflicting_lcbhard_21_e1.txt	/home/darkstar/bluedot-unit2-impossiblebench/concealment-probe/data/llama70b/llama3.3-70b/acts/conflicting_lcbhard_21_e1	1891	1991
/home/darkstar/bluedot-unit2-impossiblebench/concealment-probe/data/llama70b/llama3.3-70b/tokens/conflicting_lcbhard_30_e1.txt	/home/darkstar/bluedot-unit2-impossiblebench/concealment-probe/data/llama70b/llama3.3-70b/acts/conflicting_lcbhard_30_e1	2295	2797
/home/darkstar/bluedot-unit2-impossiblebench/concealment-probe/data/llama70b/llama3.3-70b/tokens/conflicting_lcbhard_32_e1.txt	/home/darkstar/bluedot-unit2-impossiblebench/concealment-probe/data/llama70b/llama3.3-70b/acts/conflicting_lcbhard_32_e1	3530	3658
/home/darkstar/bluedot-unit2-impossiblebench/concealment-probe/data/llama70b/llama3.3-70b/tokens/conflicting_lcbhard_33_e1.txt	/home/darkstar/bluedot-unit2-impossiblebench/concealment-probe/data/llama70b/llama3.3-70b/acts/conflicting_lcbhard_33_e1	2275	2503
/home/darkstar/bluedot-unit2-impossiblebench/concealment-probe/data/llama70b/llama3.3-70b/tokens/conflicting_lcbhard_37_e1.txt	/home/darkstar/bluedot-unit2-impossiblebench/concealment-probe/data/llama70b/llama3.3-70b/acts/conflicting_lcbhard_37_e1	1902	2546
/home/darkstar/bluedot-unit2-impossiblebench/concealment-probe/data/llama70b/llama3.3-70b/tokens/conflicting_lcbhard_41_e1.txt	/home/darkstar/bluedot-unit2-impossiblebench/concealment-probe/data/llama70b/llama3.3-70b/acts/conflicting_lcbhard_41_e1	3382	8655
/home/darkstar/bluedot-unit2-impossiblebench/concealment-probe/data/llama70b/llama3.3-70b/tokens/conflicting_lcbhard_44_e1.txt	/home/darkstar/bluedot-unit2-impossiblebench/concealment-probe/data/llama70b/llama3.3-70b/acts/conflicting_lcbhard_44_e1	2011	2337
/home/darkstar/bluedot-unit2-impossiblebench/concealment-probe/data/llama70b/llama3.3-70b/tokens/conflicting_lcbhard_45_e1.txt	/home/darkstar/bluedot-unit2-impossiblebench/concealment-probe/data/llama70b/llama3.3-70b/acts/conflicting_lcbhard_45_e1	3917	5531
/home/darkstar/bluedot-unit2-impossiblebench/concealment-probe/data/llama70b/llama3.3-70b/tokens/conflicting_lcbhard_47_e1.txt	/home/darkstar/bluedot-unit2-impossiblebench/concealment-probe/data/llama70b/llama3.3-70b/acts/conflicting_lcbhard_47_e1	3876	5548
/home/darkstar/bluedot-unit2-impossiblebench/concealment-probe/data/llama70b/llama3.3-70b/tokens/conflicting_lcbhard_50_e1.txt	/home/darkstar/bluedot-unit2-impossiblebench/concealment-probe/data/llama70b/llama3.3-70b/acts/conflicting_lcbhard_50_e1	4723	5130
/home/darkstar/bluedot-unit2-impossiblebench/concealment-probe/data/llama70b/llama3.3-70b/tokens/conflicting_lcbhard_55_e1.txt	/home/darkstar/bluedot-unit2-impossiblebench/concealment-probe/data/llama70b/llama3.3-70b/acts/conflicting_lcbhard_55_e1	4891	5340
/home/darkstar/bluedot-unit2-impossiblebench/concealment-probe/data/llama70b/llama3.3-70b/tokens/conflicting_lcbhard_56_e1.txt	/home/darkstar/bluedot-unit2-impossiblebench/concealment-probe/data/llama70b/llama3.3-70b/acts/conflicting_lcbhard_56_e1	4277	4856
/home/darkstar/bluedot-unit2-impossiblebench/concealment-probe/data/llama70b/llama3.3-70b/tokens/conflicting_lcbhard_58_e1.txt	/home/darkstar/bluedot-unit2-impossiblebench/concealment-probe/data/llama70b/llama3.3-70b/acts/conflicting_lcbhard_58_e1	2991	3183
/home/darkstar/bluedot-unit2-impossiblebench/concealment-probe/data/llama70b/llama3.3-70b/tokens/conflicting_lcbhard_65_e1.txt	/home/darkstar/bluedot-unit2-impossiblebench/concealment-probe/data/llama70b/llama3.3-70b/acts/conflicting_lcbhard_65_e1	1847	2156
/home/darkstar/bluedot-unit2-impossiblebench/concealment-probe/data/llama70b/llama3.3-70b/tokens/conflicting_lcbhard_66_e1.txt	/home/darkstar/bluedot-unit2-impossiblebench/concealment-probe/data/llama70b/llama3.3-70b/acts/conflicting_lcbhard_66_e1	2362	2737
/home/darkstar/bluedot-unit2-impossiblebench/concealment-probe/data/llama70b/llama3.3-70b/tokens/conflicting_lcbhard_67_e1.txt	/home/darkstar/bluedot-unit2-impossiblebench/concealment-probe/data/llama70b/llama3.3-70b/acts/conflicting_lcbhard_67_e1	3202	3548
/home/darkstar/bluedot-unit2-impossiblebench/concealment-probe/data/llama70b/llama3.3-70b/tokens/conflicting_lcbhard_72_e1.txt	/home/darkstar/bluedot-unit2-impossiblebench/concealment-probe/data/llama70b/llama3.3-70b/acts/conflicting_lcbhard_72_e1	2638	3815
/home/darkstar/bluedot-unit2-impossiblebench/concealment-probe/data/llama70b/llama3.3-70b/tokens/conflicting_lcbhard_78_e1.txt	/home/darkstar/bluedot-unit2-impossiblebench/concealment-probe/data/llama70b/llama3.3-70b/acts/conflicting_lcbhard_78_e1	2590	2862
/home/darkstar/bluedot-unit2-impossiblebench/concealment-probe/data/llama70b/llama3.3-70b/tokens/conflicting_lcbhard_8_e1.txt	/home/darkstar/bluedot-unit2-impossiblebench/concealment-probe/data/llama70b/llama3.3-70b/acts/conflicting_lcbhard_8_e1	1998	2243
/home/darkstar/bluedot-unit2-impossiblebench/concealment-probe/data/llama70b/llama3.3-70b/tokens/conflicting_lcbhard_80_e1.txt	/home/darkstar/bluedot-unit2-impossiblebench/concealment-probe/data/llama70b/llama3.3-70b/acts/conflicting_lcbhard_80_e1	4105	4388
/home/darkstar/bluedot-unit2-impossiblebench/concealment-probe/data/llama70b/llama3.3-70b/tokens/conflicting_lcbhard_82_e1.txt	/home/darkstar/bluedot-unit2-impossiblebench/concealment-probe/data/llama70b/llama3.3-70b/acts/conflicting_lcbhard_82_e1	6743	8943
/home/darkstar/bluedot-unit2-impossiblebench/concealment-probe/data/llama70b/llama3.3-70b/tokens/conflicting_lcbhard_9_e1.txt	/home/darkstar/bluedot-unit2-impossiblebench/concealment-probe/data/llama70b/llama3.3-70b/acts/conflicting_lcbhard_9_e1	1585	1769
/home/darkstar/bluedot-unit2-impossiblebench/concealment-probe/data/llama70b/llama3.3-70b/tokens/original_lcbhard_1_e1.txt	/home/darkstar/bluedot-unit2-impossiblebench/concealment-probe/data/llama70b/llama3.3-70b/acts/original_lcbhard_1_e1	1398	1995
/home/darkstar/bluedot-unit2-impossiblebench/concealment-probe/data/llama70b/llama3.3-70b/tokens/original_lcbhard_10_e1.txt	/home/darkstar/bluedot-unit2-impossiblebench/concealment-probe/data/llama70b/llama3.3-70b/acts/original_lcbhard_10_e1	2709	3077
/home/darkstar/bluedot-unit2-impossiblebench/concealment-probe/data/llama70b/llama3.3-70b/tokens/original_lcbhard_15_e1.txt	/home/darkstar/bluedot-unit2-impossiblebench/concealment-probe/data/llama70b/llama3.3-70b/acts/original_lcbhard_15_e1	617	1209
/home/darkstar/bluedot-unit2-impossiblebench/concealment-probe/data/llama70b/llama3.3-70b/tokens/original_lcbhard_33_e1.txt	/home/darkstar/bluedot-unit2-impossiblebench/concealment-probe/data/llama70b/llama3.3-70b/acts/original_lcbhard_33_e1	1765	2137
/home/darkstar/bluedot-unit2-impossiblebench/concealment-probe/data/llama70b/llama3.3-70b/tokens/original_lcbhard_41_e1.txt	/home/darkstar/bluedot-unit2-impossiblebench/concealment-probe/data/llama70b/llama3.3-70b/acts/original_lcbhard_41_e1	4232	6195
/home/darkstar/bluedot-unit2-impossiblebench/concealment-probe/data/llama70b/llama3.3-70b/tokens/original_lcbhard_45_e1.txt	/home/darkstar/bluedot-unit2-impossiblebench/concealment-probe/data/llama70b/llama3.3-70b/acts/original_lcbhard_45_e1	2461	3237
/home/darkstar/bluedot-unit2-impossiblebench/concealment-probe/data/llama70b/llama3.3-70b/tokens/original_lcbhard_47_e1.txt	/home/darkstar/bluedot-unit2-impossiblebench/concealment-probe/data/llama70b/llama3.3-70b/acts/original_lcbhard_47_e1	2220	2441
/home/darkstar/bluedot-unit2-impossiblebench/concealment-probe/data/llama70b/llama3.3-70b/tokens/original_lcbhard_56_e1.txt	/home/darkstar/bluedot-unit2-impossiblebench/concealment-probe/data/llama70b/llama3.3-70b/acts/original_lcbhard_56_e1	3472	3987
/home/darkstar/bluedot-unit2-impossiblebench/concealment-probe/data/llama70b/llama3.3-70b/tokens/original_lcbhard_58_e1.txt	/home/darkstar/bluedot-unit2-impossiblebench/concealment-probe/data/llama70b/llama3.3-70b/acts/original_lcbhard_58_e1	2690	3106
/home/darkstar/bluedot-unit2-impossiblebench/concealment-probe/data/llama70b/llama3.3-70b/tokens/original_lcbhard_67_e1.txt	/home/darkstar/bluedot-unit2-impossiblebench/concealment-probe/data/llama70b/llama3.3-70b/acts/original_lcbhard_67_e1	2612	3272
/home/darkstar/bluedot-unit2-impossiblebench/concealment-probe/data/llama70b/llama3.3-70b/tokens/original_lcbhard_72_e1.txt	/home/darkstar/bluedot-unit2-impossiblebench/concealment-probe/data/llama70b/llama3.3-70b/acts/original_lcbhard_72_e1	1258	2462
/home/darkstar/bluedot-unit2-impossiblebench/concealment-probe/data/llama70b/llama3.3-70b/tokens/original_lcbhard_78_e1.txt	/home/darkstar/bluedot-unit2-impossiblebench/concealment-probe/data/llama70b/llama3.3-70b/acts/original_lcbhard_78_e1	2102	2551
/home/darkstar/bluedot-unit2-impossiblebench/concealment-probe/data/llama70b/llama3.3-70b/tokens/original_lcbhard_80_e1.txt	/home/darkstar/bluedot-unit2-impossiblebench/concealment-probe/data/llama70b/llama3.3-70b/acts/original_lcbhard_80_e1	3544	3971
/home/darkstar/bluedot-unit2-impossiblebench/concealment-probe/data/llama70b/llama3.3-70b/tokens/original_lcbhard_82_e1.txt	/home/darkstar/bluedot-unit2-impossiblebench/concealment-probe/data/llama70b/llama3.3-70b/acts/original_lcbhard_82_e1	4335	6384
/home/darkstar/bluedot-unit2-impossiblebench/concealment-probe/data/llama70b/llama3.3-70b/tokens/original_lcbhard_9_e1.txt	/home/darkstar/bluedot-unit2-impossiblebench/concealment-probe/data/llama70b/llama3.3-70b/acts/original_lcbhard_9_e1	1204	1631
