/home/darkstar/bluedot-unit2-impossiblebench/concealment-probe/data/llama70b/llama3.3-70b/tokens/original_lcbhard_15_e1.txt	/home/darkstar/bluedot-unit2-impossiblebench/concealment-probe/data/llama70b/llama3.3-70b/acts_nla/original_lcbhard_15_e1	617	1209
/home/darkstar/bluedot-unit2-impossiblebench/concealment-probe/data/llama70b/llama3.3-70b/tokens/original_lcbhard_72_e1.txt	/home/darkstar/bluedot-unit2-impossiblebench/concealment-probe/data/llama70b/llama3.3-70b/acts_nla/original_lcbhard_72_e1	1258	2462
/home/darkstar/bluedot-unit2-impossiblebench/concealment-probe/data/llama70b/llama3.3-70b/tokens/oneoff_lcbhard_21_e1.txt	/home/darkstar/bluedot-unit2-impossiblebench/concealment-probe/data/llama70b/llama3.3-70b/acts_nla/oneoff_lcbhard_21_e1	1466	1568
/home/darkstar/bluedot-unit2-impossiblebench/concealment-probe/data/llama70b/llama3.3-70b/tokens/oneoff_lcbhard_9_e1.txt	/home/darkstar/bluedot-unit2-impossiblebench/concealment-probe/data/llama70b/llama3.3-70b/acts_nla/oneoff_lcbhard_9_e1	1645	2004
/home/darkstar/bluedot-unit2-impossiblebench/concealment-probe/data/llama70b/llama3.3-70b/tokens/conflicting_lcbhard_21_e1.txt	/home/darkstar/bluedot-unit2-impossiblebench/concealment-probe/data/llama70b/llama3.3-70b/acts_nla/conflicting_lcbhard_21_e1	1891	1991
/home/darkstar/bluedot-unit2-impossiblebench/concealment-probe/data/llama70b/llama3.3-70b/tokens/conflicting_lcbhard_9_e1.txt	/home/darkstar/bluedot-unit2-impossiblebench/concealment-probe/data/llama70b/llama3.3-70b/acts_nla/conflicting_lcbhard_9_e1	1585	1769
/home/darkstar/bluedot-unit2-impossiblebench/concealment-probe/data/llama70b/llama3.3-70b/tokens/original_lcbhard_9_e1.txt	/home/darkstar/bluedot-unit2-impossiblebench/concealment-probe/data/llama70b/llama3.3-70b/acts_nla/original_lcbhard_9_e1	1204	1631
/home/darkstar/bluedot-unit2-impossiblebench/concealment-probe/data/llama70b/llama3.3-70b/tokens/conflicting_lcbhard_82_e1.txt	/home/darkstar/bluedot-unit2-impossiblebench/concealment-probe/data/llama70b/llama3.3-70b/acts_nla/conflicting_lcbhard_82_e1	6743	8943
/home/darkstar/bluedot-unit2-impossiblebench/concealment-probe/data/llama70b/llama3.3-70b/tokens/conflicting_lcbhard_41_e1.txt	/home/darkstar/bluedot-unit2-impossiblebench/concealment-probe/data/llama70b/llama3.3-70b/acts_nla/conflicting_lcbhard_41_e1	3382	8655
/home/darkstar/bluedot-unit2-impossiblebench/concealment-probe/data/llama70b/llama3.3-70b/tokens/oneoff_lcbhard_82_e1.txt	/home/darkstar/bluedot-unit2-impossiblebench/concealment-probe/data/llama70b/llama3.3-70b/acts_nla/oneoff_lcbhard_82_e1	5109	7146
/home/darkstar/bluedot-unit2-impossiblebench/concealment-probe/data/llama70b/llama3.3-70b/tokens/oneoff_lcbhard_67_e1.txt	/home/darkstar/bluedot-unit2-impossiblebench/concealment-probe/data/llama70b/llama3.3-70b/acts_nla/oneoff_lcbhard_67_e1	4344	6102
