/home/darkstar/bluedot-unit2-impossiblebench/concealment-probe/data/c3/qwen3.6/tokens/oneoff_lcbhard_9_e1.txt	/home/darkstar/bluedot-unit2-impossiblebench/concealment-probe/data/c3/qwen3.6/acts/oneoff_lcbhard_9_e1	771	8055
/home/darkstar/bluedot-unit2-impossiblebench/concealment-probe/data/c3/qwen3.6/tokens/oneoff_lcbhard_1_e1.txt	/home/darkstar/bluedot-unit2-impossiblebench/concealment-probe/data/c3/qwen3.6/acts/oneoff_lcbhard_1_e1	8057	9200
/home/darkstar/bluedot-unit2-impossiblebench/concealment-probe/data/c3/qwen3.6/tokens/oneoff_lcbhard_10_e1.txt	/home/darkstar/bluedot-unit2-impossiblebench/concealment-probe/data/c3/qwen3.6/acts/oneoff_lcbhard_10_e1	6505	7402
/home/darkstar/bluedot-unit2-impossiblebench/concealment-probe/data/c3/qwen3.6/tokens/oneoff_lcbhard_15_e1.txt	/home/darkstar/bluedot-unit2-impossiblebench/concealment-probe/data/c3/qwen3.6/acts/oneoff_lcbhard_15_e1	1606	2423
/home/darkstar/bluedot-unit2-impossiblebench/concealment-probe/data/c3/qwen3.6/tokens/oneoff_lcbhard_21_e1.txt	/home/darkstar/bluedot-unit2-impossiblebench/concealment-probe/data/c3/qwen3.6/acts/oneoff_lcbhard_21_e1	14344	16386
/home/darkstar/bluedot-unit2-impossiblebench/concealment-probe/data/c3/qwen3.6/tokens/oneoff_lcbhard_30_e1.txt	/home/darkstar/bluedot-unit2-impossiblebench/concealment-probe/data/c3/qwen3.6/acts/oneoff_lcbhard_30_e1	4655	5589
/home/darkstar/bluedot-unit2-impossiblebench/concealment-probe/data/c3/qwen3.6/tokens/oneoff_lcbhard_32_e1.txt	/home/darkstar/bluedot-unit2-impossiblebench/concealment-probe/data/c3/qwen3.6/acts/oneoff_lcbhard_32_e1	13750	16386
/home/darkstar/bluedot-unit2-impossiblebench/concealment-probe/data/c3/qwen3.6/tokens/oneoff_lcbhard_33_e1.txt	/home/darkstar/bluedot-unit2-impossiblebench/concealment-probe/data/c3/qwen3.6/acts/oneoff_lcbhard_33_e1	4662	6264
/home/darkstar/bluedot-unit2-impossiblebench/concealment-probe/data/c3/qwen3.6/tokens/oneoff_lcbhard_37_e1.txt	/home/darkstar/bluedot-unit2-impossiblebench/concealment-probe/data/c3/qwen3.6/acts/oneoff_lcbhard_37_e1	2679	3251
/home/darkstar/bluedot-unit2-impossiblebench/concealment-probe/data/c3/qwen3.6/tokens/oneoff_lcbhard_41_e1.txt	/home/darkstar/bluedot-unit2-impossiblebench/concealment-probe/data/c3/qwen3.6/acts/oneoff_lcbhard_41_e1	8370	8949
/home/darkstar/bluedot-unit2-impossiblebench/concealment-probe/data/c3/qwen3.6/tokens/oneoff_lcbhard_44_e1.txt	/home/darkstar/bluedot-unit2-impossiblebench/concealment-probe/data/c3/qwen3.6/acts/oneoff_lcbhard_44_e1	5417	7300
/home/darkstar/bluedot-unit2-impossiblebench/concealment-probe/data/c3/qwen3.6/tokens/oneoff_lcbhard_45_e1.txt	/home/darkstar/bluedot-unit2-impossiblebench/concealment-probe/data/c3/qwen3.6/acts/oneoff_lcbhard_45_e1	10312	14125
/home/darkstar/bluedot-unit2-impossiblebench/concealment-probe/data/c3/qwen3.6/tokens/oneoff_lcbhard_47_e1.txt	/home/darkstar/bluedot-unit2-impossiblebench/concealment-probe/data/c3/qwen3.6/acts/oneoff_lcbhard_47_e1	4984	5418
/home/darkstar/bluedot-unit2-impossiblebench/concealment-probe/data/c3/qwen3.6/tokens/oneoff_lcbhard_50_e1.txt	/home/darkstar/bluedot-unit2-impossiblebench/concealment-probe/data/c3/qwen3.6/acts/oneoff_lcbhard_50_e1	15072	16386
/home/darkstar/bluedot-unit2-impossiblebench/concealment-probe/data/c3/qwen3.6/tokens/oneoff_lcbhard_55_e1.txt	/home/darkstar/bluedot-unit2-impossiblebench/concealment-probe/data/c3/qwen3.6/acts/oneoff_lcbhard_55_e1	14290	16386
/home/darkstar/bluedot-unit2-impossiblebench/concealment-probe/data/c3/qwen3.6/tokens/oneoff_lcbhard_56_e1.txt	/home/darkstar/bluedot-unit2-impossiblebench/concealment-probe/data/c3/qwen3.6/acts/oneoff_lcbhard_56_e1	11702	15365
/home/darkstar/bluedot-unit2-impossiblebench/concealment-probe/data/c3/qwen3.6/tokens/oneoff_lcbhard_58_e1.txt	/home/darkstar/bluedot-unit2-impossiblebench/concealment-probe/data/c3/qwen3.6/acts/oneoff_lcbhard_58_e1	14417	16386
/home/darkstar/bluedot-unit2-impossiblebench/concealment-probe/data/c3/qwen3.6/tokens/oneoff_lcbhard_65_e1.txt	/home/darkstar/bluedot-unit2-impossiblebench/concealment-probe/data/c3/qwen3.6/acts/oneoff_lcbhard_65_e1	3268	4025
/home/darkstar/bluedot-unit2-impossiblebench/concealment-probe/data/c3/qwen3.6/tokens/oneoff_lcbhard_66_e1.txt	/home/darkstar/bluedot-unit2-impossiblebench/concealment-probe/data/c3/qwen3.6/acts/oneoff_lcbhard_66_e1	5359	6021
/home/darkstar/bluedot-unit2-impossiblebench/concealment-probe/data/c3/qwen3.6/tokens/oneoff_lcbhard_67_e1.txt	/home/darkstar/bluedot-unit2-impossiblebench/concealment-probe/data/c3/qwen3.6/acts/oneoff_lcbhard_67_e1	10755	14322
/home/darkstar/bluedot-unit2-impossiblebench/concealment-probe/data/c3/qwen3.6/tokens/oneoff_lcbhard_72_e1.txt	/home/darkstar/bluedot-unit2-impossiblebench/concealment-probe/data/c3/qwen3.6/acts/oneoff_lcbhard_72_e1	4235	4909
/home/darkstar/bluedot-unit2-impossiblebench/concealment-probe/data/c3/qwen3.6/tokens/oneoff_lcbhard_78_e1.txt	/home/darkstar/bluedot-unit2-impossiblebench/concealment-probe/data/c3/qwen3.6/acts/oneoff_lcbhard_78_e1	8638	11443
/home/darkstar/bluedot-unit2-impossiblebench/concealment-probe/data/c3/qwen3.6/tokens/oneoff_lcbhard_8_e1.txt	/home/darkstar/bluedot-unit2-impossiblebench/concealment-probe/data/c3/qwen3.6/acts/oneoff_lcbhard_8_e1	5673	7487
/home/darkstar/bluedot-unit2-impossiblebench/concealment-probe/data/c3/qwen3.6/tokens/oneoff_lcbhard_80_e1.txt	/home/darkstar/bluedot-unit2-impossiblebench/concealment-probe/data/c3/qwen3.6/acts/oneoff_lcbhard_80_e1	12968	14460
/home/darkstar/bluedot-unit2-impossiblebench/concealment-probe/data/c3/qwen3.6/tokens/oneoff_lcbhard_82_e1.txt	/home/darkstar/bluedot-unit2-impossiblebench/concealment-probe/data/c3/qwen3.6/acts/oneoff_lcbhard_82_e1	11147	14544
