/home/darkstar/bluedot-unit2-impossiblebench/concealment-probe/data/olmo3/olmo3-7b/tokens/oneoff_lcbhard_1_e1.txt	/home/darkstar/bluedot-unit2-impossiblebench/concealment-probe/data/olmo3/olmo3-7b/acts/oneoff_lcbhard_1_e1	4068	5208
/home/darkstar/bluedot-unit2-impossiblebench/concealment-probe/data/olmo3/olmo3-7b/tokens/oneoff_lcbhard_10_e1.txt	/home/darkstar/bluedot-unit2-impossiblebench/concealment-probe/data/olmo3/olmo3-7b/acts/oneoff_lcbhard_10_e1	9313	9757
/home/darkstar/bluedot-unit2-impossiblebench/concealment-probe/data/olmo3/olmo3-7b/tokens/oneoff_lcbhard_15_e1.txt	/home/darkstar/bluedot-unit2-impossiblebench/concealment-probe/data/olmo3/olmo3-7b/acts/oneoff_lcbhard_15_e1	2052	2325
/home/darkstar/bluedot-unit2-impossiblebench/concealment-probe/data/olmo3/olmo3-7b/tokens/oneoff_lcbhard_21_e1.txt	/home/darkstar/bluedot-unit2-impossiblebench/concealment-probe/data/olmo3/olmo3-7b/acts/oneoff_lcbhard_21_e1	4103	4650
/home/darkstar/bluedot-unit2-impossiblebench/concealment-probe/data/olmo3/olmo3-7b/tokens/oneoff_lcbhard_30_e1.txt	/home/darkstar/bluedot-unit2-impossiblebench/concealment-probe/data/olmo3/olmo3-7b/acts/oneoff_lcbhard_30_e1	2971	4233
/home/darkstar/bluedot-unit2-impossiblebench/concealment-probe/data/olmo3/olmo3-7b/tokens/oneoff_lcbhard_32_e1.txt	/home/darkstar/bluedot-unit2-impossiblebench/concealment-probe/data/olmo3/olmo3-7b/acts/oneoff_lcbhard_32_e1	8964	11077
/home/darkstar/bluedot-unit2-impossiblebench/concealment-probe/data/olmo3/olmo3-7b/tokens/oneoff_lcbhard_33_e1.txt	/home/darkstar/bluedot-unit2-impossiblebench/concealment-probe/data/olmo3/olmo3-7b/acts/oneoff_lcbhard_33_e1	8206	8979
/home/darkstar/bluedot-unit2-impossiblebench/concealment-probe/data/olmo3/olmo3-7b/tokens/oneoff_lcbhard_37_e1.txt	/home/darkstar/bluedot-unit2-impossiblebench/concealment-probe/data/olmo3/olmo3-7b/acts/oneoff_lcbhard_37_e1	11844	12749
/home/darkstar/bluedot-unit2-impossiblebench/concealment-probe/data/olmo3/olmo3-7b/tokens/oneoff_lcbhard_41_e1.txt	/home/darkstar/bluedot-unit2-impossiblebench/concealment-probe/data/olmo3/olmo3-7b/acts/oneoff_lcbhard_41_e1	4480	4953
/home/darkstar/bluedot-unit2-impossiblebench/concealment-probe/data/olmo3/olmo3-7b/tokens/oneoff_lcbhard_44_e1.txt	/home/darkstar/bluedot-unit2-impossiblebench/concealment-probe/data/olmo3/olmo3-7b/acts/oneoff_lcbhard_44_e1	11591	12055
/home/darkstar/bluedot-unit2-impossiblebench/concealment-probe/data/olmo3/olmo3-7b/tokens/oneoff_lcbhard_45_e1.txt	/home/darkstar/bluedot-unit2-impossiblebench/concealment-probe/data/olmo3/olmo3-7b/acts/oneoff_lcbhard_45_e1	6380	6886
/home/darkstar/bluedot-unit2-impossiblebench/concealment-probe/data/olmo3/olmo3-7b/tokens/oneoff_lcbhard_47_e1.txt	/home/darkstar/bluedot-unit2-impossiblebench/concealment-probe/data/olmo3/olmo3-7b/acts/oneoff_lcbhard_47_e1	3425	3875
/home/darkstar/bluedot-unit2-impossiblebench/concealment-probe/data/olmo3/olmo3-7b/tokens/oneoff_lcbhard_50_e1.txt	/home/darkstar/bluedot-unit2-impossiblebench/concealment-probe/data/olmo3/olmo3-7b/acts/oneoff_lcbhard_50_e1	6951	10867
/home/darkstar/bluedot-unit2-impossiblebench/concealment-probe/data/olmo3/olmo3-7b/tokens/oneoff_lcbhard_55_e1.txt	/home/darkstar/bluedot-unit2-impossiblebench/concealment-probe/data/olmo3/olmo3-7b/acts/oneoff_lcbhard_55_e1	5310	6735
/home/darkstar/bluedot-unit2-impossiblebench/concealment-probe/data/olmo3/olmo3-7b/tokens/oneoff_lcbhard_56_e1.txt	/home/darkstar/bluedot-unit2-impossiblebench/concealment-probe/data/olmo3/olmo3-7b/acts/oneoff_lcbhard_56_e1	6249	7191
/home/darkstar/bluedot-unit2-impossiblebench/concealment-probe/data/olmo3/olmo3-7b/tokens/oneoff_lcbhard_58_e1.txt	/home/darkstar/bluedot-unit2-impossiblebench/concealment-probe/data/olmo3/olmo3-7b/acts/oneoff_lcbhard_58_e1	5042	6079
/home/darkstar/bluedot-unit2-impossiblebench/concealment-probe/data/olmo3/olmo3-7b/tokens/oneoff_lcbhard_65_e1.txt	/home/darkstar/bluedot-unit2-impossiblebench/concealment-probe/data/olmo3/olmo3-7b/acts/oneoff_lcbhard_65_e1	3303	4788
/home/darkstar/bluedot-unit2-impossiblebench/concealment-probe/data/olmo3/olmo3-7b/tokens/oneoff_lcbhard_66_e1.txt	/home/darkstar/bluedot-unit2-impossiblebench/concealment-probe/data/olmo3/olmo3-7b/acts/oneoff_lcbhard_66_e1	6436	7995
/home/darkstar/bluedot-unit2-impossiblebench/concealment-probe/data/olmo3/olmo3-7b/tokens/oneoff_lcbhard_67_e1.txt	/home/darkstar/bluedot-unit2-impossiblebench/concealment-probe/data/olmo3/olmo3-7b/acts/oneoff_lcbhard_67_e1	4815	6111
/home/darkstar/bluedot-unit2-impossiblebench/concealment-probe/data/olmo3/olmo3-7b/tokens/oneoff_lcbhard_72_e1.txt	/home/darkstar/bluedot-unit2-impossiblebench/concealment-probe/data/olmo3/olmo3-7b/acts/oneoff_lcbhard_72_e1	2705	3152
/home/darkstar/bluedot-unit2-impossiblebench/concealment-probe/data/olmo3/olmo3-7b/tokens/oneoff_lcbhard_78_e1.txt	/home/darkstar/bluedot-unit2-impossiblebench/concealment-probe/data/olmo3/olmo3-7b/acts/oneoff_lcbhard_78_e1	8190	8996
/home/darkstar/bluedot-unit2-impossiblebench/concealment-probe/data/olmo3/olmo3-7b/tokens/oneoff_lcbhard_8_e1.txt	/home/darkstar/bluedot-unit2-impossiblebench/concealment-probe/data/olmo3/olmo3-7b/acts/oneoff_lcbhard_8_e1	4080	4401
/home/darkstar/bluedot-unit2-impossiblebench/concealment-probe/data/olmo3/olmo3-7b/tokens/oneoff_lcbhard_80_e1.txt	/home/darkstar/bluedot-unit2-impossiblebench/concealment-probe/data/olmo3/olmo3-7b/acts/oneoff_lcbhard_80_e1	14891	15825
/home/darkstar/bluedot-unit2-impossiblebench/concealment-probe/data/olmo3/olmo3-7b/tokens/oneoff_lcbhard_82_e1.txt	/home/darkstar/bluedot-unit2-impossiblebench/concealment-probe/data/olmo3/olmo3-7b/acts/oneoff_lcbhard_82_e1	4310	7141
/home/darkstar/bluedot-unit2-impossiblebench/concealment-probe/data/olmo3/olmo3-7b/tokens/oneoff_lcbhard_9_e1.txt	/home/darkstar/bluedot-unit2-impossiblebench/concealment-probe/data/olmo3/olmo3-7b/acts/oneoff_lcbhard_9_e1	8705	9050
/home/darkstar/bluedot-unit2-impossiblebench/concealment-probe/data/olmo3/olmo3-7b/tokens/conflicting_lcbhard_1_e1.txt	/home/darkstar/bluedot-unit2-impossiblebench/concealment-probe/data/olmo3/olmo3-7b/acts/conflicting_lcbhard_1_e1	3220	3703
/home/darkstar/bluedot-unit2-impossiblebench/concealment-probe/data/olmo3/olmo3-7b/tokens/conflicting_lcbhard_10_e1.txt	/home/darkstar/bluedot-unit2-impossiblebench/concealment-probe/data/olmo3/olmo3-7b/acts/conflicting_lcbhard_10_e1	4568	5161
/home/darkstar/bluedot-unit2-impossiblebench/concealment-probe/data/olmo3/olmo3-7b/tokens/conflicting_lcbhard_15_e1.txt	/home/darkstar/bluedot-unit2-impossiblebench/concealment-probe/data/olmo3/olmo3-7b/acts/conflicting_lcbhard_15_e1	3066	3818
/home/darkstar/bluedot-unit2-impossiblebench/concealment-probe/data/olmo3/olmo3-7b/tokens/conflicting_lcbhard_21_e1.txt	/home/darkstar/bluedot-unit2-impossiblebench/concealment-probe/data/olmo3/olmo3-7b/acts/conflicting_lcbhard_21_e1	14119	14505
/home/darkstar/bluedot-unit2-impossiblebench/concealment-probe/data/olmo3/olmo3-7b/tokens/conflicting_lcbhard_30_e1.txt	/home/darkstar/bluedot-unit2-impossiblebench/concealment-probe/data/olmo3/olmo3-7b/acts/conflicting_lcbhard_30_e1	2946	3591
/home/darkstar/bluedot-unit2-impossiblebench/concealment-probe/data/olmo3/olmo3-7b/tokens/conflicting_lcbhard_32_e1.txt	/home/darkstar/bluedot-unit2-impossiblebench/concealment-probe/data/olmo3/olmo3-7b/acts/conflicting_lcbhard_32_e1	6770	7422
/home/darkstar/bluedot-unit2-impossiblebench/concealment-probe/data/olmo3/olmo3-7b/tokens/conflicting_lcbhard_33_e1.txt	/home/darkstar/bluedot-unit2-impossiblebench/concealment-probe/data/olmo3/olmo3-7b/acts/conflicting_lcbhard_33_e1	5239	10121
/home/darkstar/bluedot-unit2-impossiblebench/concealment-probe/data/olmo3/olmo3-7b/tokens/conflicting_lcbhard_37_e1.txt	/home/darkstar/bluedot-unit2-impossiblebench/concealment-probe/data/olmo3/olmo3-7b/acts/conflicting_lcbhard_37_e1	3799	4545
/home/darkstar/bluedot-unit2-impossiblebench/concealment-probe/data/olmo3/olmo3-7b/tokens/conflicting_lcbhard_41_e1.txt	/home/darkstar/bluedot-unit2-impossiblebench/concealment-probe/data/olmo3/olmo3-7b/acts/conflicting_lcbhard_41_e1	3451	3836
/home/darkstar/bluedot-unit2-impossiblebench/concealment-probe/data/olmo3/olmo3-7b/tokens/conflicting_lcbhard_44_e1.txt	/home/darkstar/bluedot-unit2-impossiblebench/concealment-probe/data/olmo3/olmo3-7b/acts/conflicting_lcbhard_44_e1	12596	16381
/home/darkstar/bluedot-unit2-impossiblebench/concealment-probe/data/olmo3/olmo3-7b/tokens/conflicting_lcbhard_45_e1.txt	/home/darkstar/bluedot-unit2-impossiblebench/concealment-probe/data/olmo3/olmo3-7b/acts/conflicting_lcbhard_45_e1	4833	5666
/home/darkstar/bluedot-unit2-impossiblebench/concealment-probe/data/olmo3/olmo3-7b/tokens/conflicting_lcbhard_47_e1.txt	/home/darkstar/bluedot-unit2-impossiblebench/concealment-probe/data/olmo3/olmo3-7b/acts/conflicting_lcbhard_47_e1	2837	3221
/home/darkstar/bluedot-unit2-impossiblebench/concealment-probe/data/olmo3/olmo3-7b/tokens/conflicting_lcbhard_50_e1.txt	/home/darkstar/bluedot-unit2-impossiblebench/concealment-probe/data/olmo3/olmo3-7b/acts/conflicting_lcbhard_50_e1	6477	7548
/home/darkstar/bluedot-unit2-impossiblebench/concealment-probe/data/olmo3/olmo3-7b/tokens/conflicting_lcbhard_55_e1.txt	/home/darkstar/bluedot-unit2-impossiblebench/concealment-probe/data/olmo3/olmo3-7b/acts/conflicting_lcbhard_55_e1	7142	12965
/home/darkstar/bluedot-unit2-impossiblebench/concealment-probe/data/olmo3/olmo3-7b/tokens/conflicting_lcbhard_56_e1.txt	/home/darkstar/bluedot-unit2-impossiblebench/concealment-probe/data/olmo3/olmo3-7b/acts/conflicting_lcbhard_56_e1	5543	6577
/home/darkstar/bluedot-unit2-impossiblebench/concealment-probe/data/olmo3/olmo3-7b/tokens/conflicting_lcbhard_58_e1.txt	/home/darkstar/bluedot-unit2-impossiblebench/concealment-probe/data/olmo3/olmo3-7b/acts/conflicting_lcbhard_58_e1	9382	9946
/home/darkstar/bluedot-unit2-impossiblebench/concealment-probe/data/olmo3/olmo3-7b/tokens/conflicting_lcbhard_65_e1.txt	/home/darkstar/bluedot-unit2-impossiblebench/concealment-probe/data/olmo3/olmo3-7b/acts/conflicting_lcbhard_65_e1	6577	7237
/home/darkstar/bluedot-unit2-impossiblebench/concealment-probe/data/olmo3/olmo3-7b/tokens/conflicting_lcbhard_66_e1.txt	/home/darkstar/bluedot-unit2-impossiblebench/concealment-probe/data/olmo3/olmo3-7b/acts/conflicting_lcbhard_66_e1	14041	15074
/home/darkstar/bluedot-unit2-impossiblebench/concealment-probe/data/olmo3/olmo3-7b/tokens/conflicting_lcbhard_67_e1.txt	/home/darkstar/bluedot-unit2-impossiblebench/concealment-probe/data/olmo3/olmo3-7b/acts/conflicting_lcbhard_67_e1	4766	5707
/home/darkstar/bluedot-unit2-impossiblebench/concealment-probe/data/olmo3/olmo3-7b/tokens/conflicting_lcbhard_72_e1.txt	/home/darkstar/bluedot-unit2-impossiblebench/concealment-probe/data/olmo3/olmo3-7b/acts/conflicting_lcbhard_72_e1	5763	6230
/home/darkstar/bluedot-unit2-impossiblebench/concealment-probe/data/olmo3/olmo3-7b/tokens/conflicting_lcbhard_78_e1.txt	/home/darkstar/bluedot-unit2-impossiblebench/concealment-probe/data/olmo3/olmo3-7b/acts/conflicting_lcbhard_78_e1	8827	10837
/home/darkstar/bluedot-unit2-impossiblebench/concealment-probe/data/olmo3/olmo3-7b/tokens/conflicting_lcbhard_8_e1.txt	/home/darkstar/bluedot-unit2-impossiblebench/concealment-probe/data/olmo3/olmo3-7b/acts/conflicting_lcbhard_8_e1	2350	7247
/home/darkstar/bluedot-unit2-impossiblebench/concealment-probe/data/olmo3/olmo3-7b/tokens/conflicting_lcbhard_80_e1.txt	/home/darkstar/bluedot-unit2-impossiblebench/concealment-probe/data/olmo3/olmo3-7b/acts/conflicting_lcbhard_80_e1	9786	10262
/home/darkstar/bluedot-unit2-impossiblebench/concealment-probe/data/olmo3/olmo3-7b/tokens/conflicting_lcbhard_82_e1.txt	/home/darkstar/bluedot-unit2-impossiblebench/concealment-probe/data/olmo3/olmo3-7b/acts/conflicting_lcbhard_82_e1	3215	3639
/home/darkstar/bluedot-unit2-impossiblebench/concealment-probe/data/olmo3/olmo3-7b/tokens/conflicting_lcbhard_9_e1.txt	/home/darkstar/bluedot-unit2-impossiblebench/concealment-probe/data/olmo3/olmo3-7b/acts/conflicting_lcbhard_9_e1	5678	6255
/home/darkstar/bluedot-unit2-impossiblebench/concealment-probe/data/olmo3/olmo3-7b/tokens/original_lcbhard_1_e1.txt	/home/darkstar/bluedot-unit2-impossiblebench/concealment-probe/data/olmo3/olmo3-7b/acts/original_lcbhard_1_e1	1348	1759
/home/darkstar/bluedot-unit2-impossiblebench/concealment-probe/data/olmo3/olmo3-7b/tokens/original_lcbhard_10_e1.txt	/home/darkstar/bluedot-unit2-impossiblebench/concealment-probe/data/olmo3/olmo3-7b/acts/original_lcbhard_10_e1	9726	16386
/home/darkstar/bluedot-unit2-impossiblebench/concealment-probe/data/olmo3/olmo3-7b/tokens/original_lcbhard_15_e1.txt	/home/darkstar/bluedot-unit2-impossiblebench/concealment-probe/data/olmo3/olmo3-7b/acts/original_lcbhard_15_e1	591	967
/home/darkstar/bluedot-unit2-impossiblebench/concealment-probe/data/olmo3/olmo3-7b/tokens/original_lcbhard_41_e1.txt	/home/darkstar/bluedot-unit2-impossiblebench/concealment-probe/data/olmo3/olmo3-7b/acts/original_lcbhard_41_e1	2606	3038
/home/darkstar/bluedot-unit2-impossiblebench/concealment-probe/data/olmo3/olmo3-7b/tokens/original_lcbhard_47_e1.txt	/home/darkstar/bluedot-unit2-impossiblebench/concealment-probe/data/olmo3/olmo3-7b/acts/original_lcbhard_47_e1	2977	8930
/home/darkstar/bluedot-unit2-impossiblebench/concealment-probe/data/olmo3/olmo3-7b/tokens/original_lcbhard_58_e1.txt	/home/darkstar/bluedot-unit2-impossiblebench/concealment-probe/data/olmo3/olmo3-7b/acts/original_lcbhard_58_e1	15852	16386
/home/darkstar/bluedot-unit2-impossiblebench/concealment-probe/data/olmo3/olmo3-7b/tokens/original_lcbhard_67_e1.txt	/home/darkstar/bluedot-unit2-impossiblebench/concealment-probe/data/olmo3/olmo3-7b/acts/original_lcbhard_67_e1	3262	4153
/home/darkstar/bluedot-unit2-impossiblebench/concealment-probe/data/olmo3/olmo3-7b/tokens/original_lcbhard_72_e1.txt	/home/darkstar/bluedot-unit2-impossiblebench/concealment-probe/data/olmo3/olmo3-7b/acts/original_lcbhard_72_e1	1232	2666
/home/darkstar/bluedot-unit2-impossiblebench/concealment-probe/data/olmo3/olmo3-7b/tokens/original_lcbhard_78_e1.txt	/home/darkstar/bluedot-unit2-impossiblebench/concealment-probe/data/olmo3/olmo3-7b/acts/original_lcbhard_78_e1	7047	8656
/home/darkstar/bluedot-unit2-impossiblebench/concealment-probe/data/olmo3/olmo3-7b/tokens/original_lcbhard_80_e1.txt	/home/darkstar/bluedot-unit2-impossiblebench/concealment-probe/data/olmo3/olmo3-7b/acts/original_lcbhard_80_e1	12569	13624
/home/darkstar/bluedot-unit2-impossiblebench/concealment-probe/data/olmo3/olmo3-7b/tokens/original_lcbhard_82_e1.txt	/home/darkstar/bluedot-unit2-impossiblebench/concealment-probe/data/olmo3/olmo3-7b/acts/original_lcbhard_82_e1	7285	7828
/home/darkstar/bluedot-unit2-impossiblebench/concealment-probe/data/olmo3/olmo3-7b/tokens/original_lcbhard_9_e1.txt	/home/darkstar/bluedot-unit2-impossiblebench/concealment-probe/data/olmo3/olmo3-7b/acts/original_lcbhard_9_e1	1318	12810
