/home/darkstar/bluedot-unit2-impossiblebench/concealment-probe/data/lightning/nemotron35-lightning/tokens/conflicting_lcbhard_1_e1.txt	/home/darkstar/bluedot-unit2-impossiblebench/concealment-probe/data/lightning/nemotron35-lightning/acts/conflicting_lcbhard_1_e1	1288	30896
/home/darkstar/bluedot-unit2-impossiblebench/concealment-probe/data/lightning/nemotron35-lightning/tokens/conflicting_lcbhard_10_e1.txt	/home/darkstar/bluedot-unit2-impossiblebench/concealment-probe/data/lightning/nemotron35-lightning/acts/conflicting_lcbhard_10_e1	4249	28990
/home/darkstar/bluedot-unit2-impossiblebench/concealment-probe/data/lightning/nemotron35-lightning/tokens/conflicting_lcbhard_15_e1.txt	/home/darkstar/bluedot-unit2-impossiblebench/concealment-probe/data/lightning/nemotron35-lightning/acts/conflicting_lcbhard_15_e1	1712	17723
/home/darkstar/bluedot-unit2-impossiblebench/concealment-probe/data/lightning/nemotron35-lightning/tokens/conflicting_lcbhard_21_e1.txt	/home/darkstar/bluedot-unit2-impossiblebench/concealment-probe/data/lightning/nemotron35-lightning/acts/conflicting_lcbhard_21_e1	13723	30856
/home/darkstar/bluedot-unit2-impossiblebench/concealment-probe/data/lightning/nemotron35-lightning/tokens/conflicting_lcbhard_30_e1.txt	/home/darkstar/bluedot-unit2-impossiblebench/concealment-probe/data/lightning/nemotron35-lightning/acts/conflicting_lcbhard_30_e1	2176	29743
/home/darkstar/bluedot-unit2-impossiblebench/concealment-probe/data/lightning/nemotron35-lightning/tokens/conflicting_lcbhard_32_e1.txt	/home/darkstar/bluedot-unit2-impossiblebench/concealment-probe/data/lightning/nemotron35-lightning/acts/conflicting_lcbhard_32_e1	5107	44481
/home/darkstar/bluedot-unit2-impossiblebench/concealment-probe/data/lightning/nemotron35-lightning/tokens/conflicting_lcbhard_33_e1.txt	/home/darkstar/bluedot-unit2-impossiblebench/concealment-probe/data/lightning/nemotron35-lightning/acts/conflicting_lcbhard_33_e1	2797	18091
/home/darkstar/bluedot-unit2-impossiblebench/concealment-probe/data/lightning/nemotron35-lightning/tokens/conflicting_lcbhard_37_e1.txt	/home/darkstar/bluedot-unit2-impossiblebench/concealment-probe/data/lightning/nemotron35-lightning/acts/conflicting_lcbhard_37_e1	1397	3180
/home/darkstar/bluedot-unit2-impossiblebench/concealment-probe/data/lightning/nemotron35-lightning/tokens/conflicting_lcbhard_41_e1.txt	/home/darkstar/bluedot-unit2-impossiblebench/concealment-probe/data/lightning/nemotron35-lightning/acts/conflicting_lcbhard_41_e1	4304	22633
/home/darkstar/bluedot-unit2-impossiblebench/concealment-probe/data/lightning/nemotron35-lightning/tokens/conflicting_lcbhard_44_e1.txt	/home/darkstar/bluedot-unit2-impossiblebench/concealment-probe/data/lightning/nemotron35-lightning/acts/conflicting_lcbhard_44_e1	1931	22756
/home/darkstar/bluedot-unit2-impossiblebench/concealment-probe/data/lightning/nemotron35-lightning/tokens/conflicting_lcbhard_45_e1.txt	/home/darkstar/bluedot-unit2-impossiblebench/concealment-probe/data/lightning/nemotron35-lightning/acts/conflicting_lcbhard_45_e1	5160	10477
/home/darkstar/bluedot-unit2-impossiblebench/concealment-probe/data/lightning/nemotron35-lightning/tokens/conflicting_lcbhard_47_e1.txt	/home/darkstar/bluedot-unit2-impossiblebench/concealment-probe/data/lightning/nemotron35-lightning/acts/conflicting_lcbhard_47_e1	2493	26384
/home/darkstar/bluedot-unit2-impossiblebench/concealment-probe/data/lightning/nemotron35-lightning/tokens/conflicting_lcbhard_50_e1.txt	/home/darkstar/bluedot-unit2-impossiblebench/concealment-probe/data/lightning/nemotron35-lightning/acts/conflicting_lcbhard_50_e1	4891	33589
/home/darkstar/bluedot-unit2-impossiblebench/concealment-probe/data/lightning/nemotron35-lightning/tokens/conflicting_lcbhard_55_e1.txt	/home/darkstar/bluedot-unit2-impossiblebench/concealment-probe/data/lightning/nemotron35-lightning/acts/conflicting_lcbhard_55_e1	6067	22111
/home/darkstar/bluedot-unit2-impossiblebench/concealment-probe/data/lightning/nemotron35-lightning/tokens/conflicting_lcbhard_56_e1.txt	/home/darkstar/bluedot-unit2-impossiblebench/concealment-probe/data/lightning/nemotron35-lightning/acts/conflicting_lcbhard_56_e1	5484	56578
/home/darkstar/bluedot-unit2-impossiblebench/concealment-probe/data/lightning/nemotron35-lightning/tokens/conflicting_lcbhard_58_e1.txt	/home/darkstar/bluedot-unit2-impossiblebench/concealment-probe/data/lightning/nemotron35-lightning/acts/conflicting_lcbhard_58_e1	9526	31026
/home/darkstar/bluedot-unit2-impossiblebench/concealment-probe/data/lightning/nemotron35-lightning/tokens/conflicting_lcbhard_65_e1.txt	/home/darkstar/bluedot-unit2-impossiblebench/concealment-probe/data/lightning/nemotron35-lightning/acts/conflicting_lcbhard_65_e1	1845	20449
/home/darkstar/bluedot-unit2-impossiblebench/concealment-probe/data/lightning/nemotron35-lightning/tokens/conflicting_lcbhard_66_e1.txt	/home/darkstar/bluedot-unit2-impossiblebench/concealment-probe/data/lightning/nemotron35-lightning/acts/conflicting_lcbhard_66_e1	3014	19843
/home/darkstar/bluedot-unit2-impossiblebench/concealment-probe/data/lightning/nemotron35-lightning/tokens/conflicting_lcbhard_67_e1.txt	/home/darkstar/bluedot-unit2-impossiblebench/concealment-probe/data/lightning/nemotron35-lightning/acts/conflicting_lcbhard_67_e1	4157	26573
/home/darkstar/bluedot-unit2-impossiblebench/concealment-probe/data/lightning/nemotron35-lightning/tokens/conflicting_lcbhard_72_e1.txt	/home/darkstar/bluedot-unit2-impossiblebench/concealment-probe/data/lightning/nemotron35-lightning/acts/conflicting_lcbhard_72_e1	2142	16667
/home/darkstar/bluedot-unit2-impossiblebench/concealment-probe/data/lightning/nemotron35-lightning/tokens/conflicting_lcbhard_78_e1.txt	/home/darkstar/bluedot-unit2-impossiblebench/concealment-probe/data/lightning/nemotron35-lightning/acts/conflicting_lcbhard_78_e1	3591	26165
/home/darkstar/bluedot-unit2-impossiblebench/concealment-probe/data/lightning/nemotron35-lightning/tokens/conflicting_lcbhard_8_e1.txt	/home/darkstar/bluedot-unit2-impossiblebench/concealment-probe/data/lightning/nemotron35-lightning/acts/conflicting_lcbhard_8_e1	2850	18715
/home/darkstar/bluedot-unit2-impossiblebench/concealment-probe/data/lightning/nemotron35-lightning/tokens/conflicting_lcbhard_80_e1.txt	/home/darkstar/bluedot-unit2-impossiblebench/concealment-probe/data/lightning/nemotron35-lightning/acts/conflicting_lcbhard_80_e1	8255	41855
/home/darkstar/bluedot-unit2-impossiblebench/concealment-probe/data/lightning/nemotron35-lightning/tokens/conflicting_lcbhard_82_e1.txt	/home/darkstar/bluedot-unit2-impossiblebench/concealment-probe/data/lightning/nemotron35-lightning/acts/conflicting_lcbhard_82_e1	19951	47483
/home/darkstar/bluedot-unit2-impossiblebench/concealment-probe/data/lightning/nemotron35-lightning/tokens/conflicting_lcbhard_9_e1.txt	/home/darkstar/bluedot-unit2-impossiblebench/concealment-probe/data/lightning/nemotron35-lightning/acts/conflicting_lcbhard_9_e1	1128	27737
/home/darkstar/bluedot-unit2-impossiblebench/concealment-probe/data/lightning/nemotron35-lightning/tokens/oneoff_lcbhard_1_e1.txt	/home/darkstar/bluedot-unit2-impossiblebench/concealment-probe/data/lightning/nemotron35-lightning/acts/oneoff_lcbhard_1_e1	1245	23922
/home/darkstar/bluedot-unit2-impossiblebench/concealment-probe/data/lightning/nemotron35-lightning/tokens/oneoff_lcbhard_10_e1.txt	/home/darkstar/bluedot-unit2-impossiblebench/concealment-probe/data/lightning/nemotron35-lightning/acts/oneoff_lcbhard_10_e1	4354	18799
/home/darkstar/bluedot-unit2-impossiblebench/concealment-probe/data/lightning/nemotron35-lightning/tokens/oneoff_lcbhard_15_e1.txt	/home/darkstar/bluedot-unit2-impossiblebench/concealment-probe/data/lightning/nemotron35-lightning/acts/oneoff_lcbhard_15_e1	1924	19473
/home/darkstar/bluedot-unit2-impossiblebench/concealment-probe/data/lightning/nemotron35-lightning/tokens/oneoff_lcbhard_21_e1.txt	/home/darkstar/bluedot-unit2-impossiblebench/concealment-probe/data/lightning/nemotron35-lightning/acts/oneoff_lcbhard_21_e1	1626	29832
/home/darkstar/bluedot-unit2-impossiblebench/concealment-probe/data/lightning/nemotron35-lightning/tokens/oneoff_lcbhard_30_e1.txt	/home/darkstar/bluedot-unit2-impossiblebench/concealment-probe/data/lightning/nemotron35-lightning/acts/oneoff_lcbhard_30_e1	1916	27547
/home/darkstar/bluedot-unit2-impossiblebench/concealment-probe/data/lightning/nemotron35-lightning/tokens/oneoff_lcbhard_32_e1.txt	/home/darkstar/bluedot-unit2-impossiblebench/concealment-probe/data/lightning/nemotron35-lightning/acts/oneoff_lcbhard_32_e1	4394	33177
/home/darkstar/bluedot-unit2-impossiblebench/concealment-probe/data/lightning/nemotron35-lightning/tokens/oneoff_lcbhard_33_e1.txt	/home/darkstar/bluedot-unit2-impossiblebench/concealment-probe/data/lightning/nemotron35-lightning/acts/oneoff_lcbhard_33_e1	66848	100717
/home/darkstar/bluedot-unit2-impossiblebench/concealment-probe/data/lightning/nemotron35-lightning/tokens/oneoff_lcbhard_37_e1.txt	/home/darkstar/bluedot-unit2-impossiblebench/concealment-probe/data/lightning/nemotron35-lightning/acts/oneoff_lcbhard_37_e1	1385	29308
/home/darkstar/bluedot-unit2-impossiblebench/concealment-probe/data/lightning/nemotron35-lightning/tokens/oneoff_lcbhard_41_e1.txt	/home/darkstar/bluedot-unit2-impossiblebench/concealment-probe/data/lightning/nemotron35-lightning/acts/oneoff_lcbhard_41_e1	7467	13428
/home/darkstar/bluedot-unit2-impossiblebench/concealment-probe/data/lightning/nemotron35-lightning/tokens/oneoff_lcbhard_44_e1.txt	/home/darkstar/bluedot-unit2-impossiblebench/concealment-probe/data/lightning/nemotron35-lightning/acts/oneoff_lcbhard_44_e1	24018	28772
/home/darkstar/bluedot-unit2-impossiblebench/concealment-probe/data/lightning/nemotron35-lightning/tokens/oneoff_lcbhard_45_e1.txt	/home/darkstar/bluedot-unit2-impossiblebench/concealment-probe/data/lightning/nemotron35-lightning/acts/oneoff_lcbhard_45_e1	16582	19774
/home/darkstar/bluedot-unit2-impossiblebench/concealment-probe/data/lightning/nemotron35-lightning/tokens/oneoff_lcbhard_47_e1.txt	/home/darkstar/bluedot-unit2-impossiblebench/concealment-probe/data/lightning/nemotron35-lightning/acts/oneoff_lcbhard_47_e1	4918	29190
/home/darkstar/bluedot-unit2-impossiblebench/concealment-probe/data/lightning/nemotron35-lightning/tokens/oneoff_lcbhard_50_e1.txt	/home/darkstar/bluedot-unit2-impossiblebench/concealment-probe/data/lightning/nemotron35-lightning/acts/oneoff_lcbhard_50_e1	4599	29159
/home/darkstar/bluedot-unit2-impossiblebench/concealment-probe/data/lightning/nemotron35-lightning/tokens/oneoff_lcbhard_55_e1.txt	/home/darkstar/bluedot-unit2-impossiblebench/concealment-probe/data/lightning/nemotron35-lightning/acts/oneoff_lcbhard_55_e1	5318	36455
/home/darkstar/bluedot-unit2-impossiblebench/concealment-probe/data/lightning/nemotron35-lightning/tokens/oneoff_lcbhard_56_e1.txt	/home/darkstar/bluedot-unit2-impossiblebench/concealment-probe/data/lightning/nemotron35-lightning/acts/oneoff_lcbhard_56_e1	4798	13794
/home/darkstar/bluedot-unit2-impossiblebench/concealment-probe/data/lightning/nemotron35-lightning/tokens/oneoff_lcbhard_58_e1.txt	/home/darkstar/bluedot-unit2-impossiblebench/concealment-probe/data/lightning/nemotron35-lightning/acts/oneoff_lcbhard_58_e1	4039	18367
/home/darkstar/bluedot-unit2-impossiblebench/concealment-probe/data/lightning/nemotron35-lightning/tokens/oneoff_lcbhard_65_e1.txt	/home/darkstar/bluedot-unit2-impossiblebench/concealment-probe/data/lightning/nemotron35-lightning/acts/oneoff_lcbhard_65_e1	2064	26439
/home/darkstar/bluedot-unit2-impossiblebench/concealment-probe/data/lightning/nemotron35-lightning/tokens/oneoff_lcbhard_66_e1.txt	/home/darkstar/bluedot-unit2-impossiblebench/concealment-probe/data/lightning/nemotron35-lightning/acts/oneoff_lcbhard_66_e1	2396	37517
/home/darkstar/bluedot-unit2-impossiblebench/concealment-probe/data/lightning/nemotron35-lightning/tokens/oneoff_lcbhard_67_e1.txt	/home/darkstar/bluedot-unit2-impossiblebench/concealment-probe/data/lightning/nemotron35-lightning/acts/oneoff_lcbhard_67_e1	10508	39614
/home/darkstar/bluedot-unit2-impossiblebench/concealment-probe/data/lightning/nemotron35-lightning/tokens/oneoff_lcbhard_72_e1.txt	/home/darkstar/bluedot-unit2-impossiblebench/concealment-probe/data/lightning/nemotron35-lightning/acts/oneoff_lcbhard_72_e1	3327	31286
/home/darkstar/bluedot-unit2-impossiblebench/concealment-probe/data/lightning/nemotron35-lightning/tokens/oneoff_lcbhard_78_e1.txt	/home/darkstar/bluedot-unit2-impossiblebench/concealment-probe/data/lightning/nemotron35-lightning/acts/oneoff_lcbhard_78_e1	4767	27274
/home/darkstar/bluedot-unit2-impossiblebench/concealment-probe/data/lightning/nemotron35-lightning/tokens/oneoff_lcbhard_8_e1.txt	/home/darkstar/bluedot-unit2-impossiblebench/concealment-probe/data/lightning/nemotron35-lightning/acts/oneoff_lcbhard_8_e1	3032	38869
/home/darkstar/bluedot-unit2-impossiblebench/concealment-probe/data/lightning/nemotron35-lightning/tokens/oneoff_lcbhard_80_e1.txt	/home/darkstar/bluedot-unit2-impossiblebench/concealment-probe/data/lightning/nemotron35-lightning/acts/oneoff_lcbhard_80_e1	8234	33303
/home/darkstar/bluedot-unit2-impossiblebench/concealment-probe/data/lightning/nemotron35-lightning/tokens/oneoff_lcbhard_82_e1.txt	/home/darkstar/bluedot-unit2-impossiblebench/concealment-probe/data/lightning/nemotron35-lightning/acts/oneoff_lcbhard_82_e1	2921	22916
/home/darkstar/bluedot-unit2-impossiblebench/concealment-probe/data/lightning/nemotron35-lightning/tokens/oneoff_lcbhard_9_e1.txt	/home/darkstar/bluedot-unit2-impossiblebench/concealment-probe/data/lightning/nemotron35-lightning/acts/oneoff_lcbhard_9_e1	1114	28626
/home/darkstar/bluedot-unit2-impossiblebench/concealment-probe/data/lightning/nemotron35-lightning/tokens/original_lcbhard_1_e1.txt	/home/darkstar/bluedot-unit2-impossiblebench/concealment-probe/data/lightning/nemotron35-lightning/acts/original_lcbhard_1_e1	859	29203
/home/darkstar/bluedot-unit2-impossiblebench/concealment-probe/data/lightning/nemotron35-lightning/tokens/original_lcbhard_10_e1.txt	/home/darkstar/bluedot-unit2-impossiblebench/concealment-probe/data/lightning/nemotron35-lightning/acts/original_lcbhard_10_e1	4462	9135
/home/darkstar/bluedot-unit2-impossiblebench/concealment-probe/data/lightning/nemotron35-lightning/tokens/original_lcbhard_15_e1.txt	/home/darkstar/bluedot-unit2-impossiblebench/concealment-probe/data/lightning/nemotron35-lightning/acts/original_lcbhard_15_e1	633	3802
/home/darkstar/bluedot-unit2-impossiblebench/concealment-probe/data/lightning/nemotron35-lightning/tokens/original_lcbhard_41_e1.txt	/home/darkstar/bluedot-unit2-impossiblebench/concealment-probe/data/lightning/nemotron35-lightning/acts/original_lcbhard_41_e1	3307	25960
/home/darkstar/bluedot-unit2-impossiblebench/concealment-probe/data/lightning/nemotron35-lightning/tokens/original_lcbhard_47_e1.txt	/home/darkstar/bluedot-unit2-impossiblebench/concealment-probe/data/lightning/nemotron35-lightning/acts/original_lcbhard_47_e1	1831	27026
/home/darkstar/bluedot-unit2-impossiblebench/concealment-probe/data/lightning/nemotron35-lightning/tokens/original_lcbhard_58_e1.txt	/home/darkstar/bluedot-unit2-impossiblebench/concealment-probe/data/lightning/nemotron35-lightning/acts/original_lcbhard_58_e1	4404	17415
/home/darkstar/bluedot-unit2-impossiblebench/concealment-probe/data/lightning/nemotron35-lightning/tokens/original_lcbhard_67_e1.txt	/home/darkstar/bluedot-unit2-impossiblebench/concealment-probe/data/lightning/nemotron35-lightning/acts/original_lcbhard_67_e1	4561	13854
/home/darkstar/bluedot-unit2-impossiblebench/concealment-probe/data/lightning/nemotron35-lightning/tokens/original_lcbhard_72_e1.txt	/home/darkstar/bluedot-unit2-impossiblebench/concealment-probe/data/lightning/nemotron35-lightning/acts/original_lcbhard_72_e1	1399	11892
/home/darkstar/bluedot-unit2-impossiblebench/concealment-probe/data/lightning/nemotron35-lightning/tokens/original_lcbhard_78_e1.txt	/home/darkstar/bluedot-unit2-impossiblebench/concealment-probe/data/lightning/nemotron35-lightning/acts/original_lcbhard_78_e1	2186	22124
/home/darkstar/bluedot-unit2-impossiblebench/concealment-probe/data/lightning/nemotron35-lightning/tokens/original_lcbhard_80_e1.txt	/home/darkstar/bluedot-unit2-impossiblebench/concealment-probe/data/lightning/nemotron35-lightning/acts/original_lcbhard_80_e1	8054	43899
/home/darkstar/bluedot-unit2-impossiblebench/concealment-probe/data/lightning/nemotron35-lightning/tokens/original_lcbhard_82_e1.txt	/home/darkstar/bluedot-unit2-impossiblebench/concealment-probe/data/lightning/nemotron35-lightning/acts/original_lcbhard_82_e1	8930	50125
/home/darkstar/bluedot-unit2-impossiblebench/concealment-probe/data/lightning/nemotron35-lightning/tokens/original_lcbhard_9_e1.txt	/home/darkstar/bluedot-unit2-impossiblebench/concealment-probe/data/lightning/nemotron35-lightning/acts/original_lcbhard_9_e1	766	47658
