/home/darkstar/bluedot-unit2-impossiblebench/concealment-probe/data/north-mini-bigbatch/north-mini-code/tokens/conflicting_lcbhard_30_e1.txt	/home/darkstar/bluedot-unit2-impossiblebench/concealment-probe/data/north-mini-bigbatch/north-mini-code/acts/conflicting_lcbhard_30_e1	785	23444
/home/darkstar/bluedot-unit2-impossiblebench/concealment-probe/data/north-mini-bigbatch/north-mini-code/tokens/conflicting_lcbhard_42_e1.txt	/home/darkstar/bluedot-unit2-impossiblebench/concealment-probe/data/north-mini-bigbatch/north-mini-code/acts/conflicting_lcbhard_42_e1	11263	45138
/home/darkstar/bluedot-unit2-impossiblebench/concealment-probe/data/north-mini-bigbatch/north-mini-code/tokens/conflicting_lcbhard_0_e1.txt	/home/darkstar/bluedot-unit2-impossiblebench/concealment-probe/data/north-mini-bigbatch/north-mini-code/acts/conflicting_lcbhard_0_e1	19167	50770
/home/darkstar/bluedot-unit2-impossiblebench/concealment-probe/data/north-mini-bigbatch/north-mini-code/tokens/oneoff_lcbhard_34_e1.txt	/home/darkstar/bluedot-unit2-impossiblebench/concealment-probe/data/north-mini-bigbatch/north-mini-code/acts/oneoff_lcbhard_34_e1	26403	51099
/home/darkstar/bluedot-unit2-impossiblebench/concealment-probe/data/north-mini-bigbatch/north-mini-code/tokens/oneoff_lcbhard_72_e1.txt	/home/darkstar/bluedot-unit2-impossiblebench/concealment-probe/data/north-mini-bigbatch/north-mini-code/acts/oneoff_lcbhard_72_e1	34786	51242
/home/darkstar/bluedot-unit2-impossiblebench/concealment-probe/data/north-mini-bigbatch/north-mini-code/tokens/oneoff_lcbhard_16_e1.txt	/home/darkstar/bluedot-unit2-impossiblebench/concealment-probe/data/north-mini-bigbatch/north-mini-code/acts/oneoff_lcbhard_16_e1	878	54735
/home/darkstar/bluedot-unit2-impossiblebench/concealment-probe/data/north-mini-bigbatch/north-mini-code/tokens/oneoff_lcbhard_98_e1.txt	/home/darkstar/bluedot-unit2-impossiblebench/concealment-probe/data/north-mini-bigbatch/north-mini-code/acts/oneoff_lcbhard_98_e1	1040	55089
/home/darkstar/bluedot-unit2-impossiblebench/concealment-probe/data/north-mini-bigbatch/north-mini-code/tokens/oneoff_lcbhard_62_e1.txt	/home/darkstar/bluedot-unit2-impossiblebench/concealment-probe/data/north-mini-bigbatch/north-mini-code/acts/oneoff_lcbhard_62_e1	27344	59974
/home/darkstar/bluedot-unit2-impossiblebench/concealment-probe/data/north-mini-bigbatch/north-mini-code/tokens/oneoff_lcbhard_57_e1.txt	/home/darkstar/bluedot-unit2-impossiblebench/concealment-probe/data/north-mini-bigbatch/north-mini-code/acts/oneoff_lcbhard_57_e1	31631	64178
/home/darkstar/bluedot-unit2-impossiblebench/concealment-probe/data/north-mini-bigbatch/north-mini-code/tokens/conflicting_lcbhard_39_e1.txt	/home/darkstar/bluedot-unit2-impossiblebench/concealment-probe/data/north-mini-bigbatch/north-mini-code/acts/conflicting_lcbhard_39_e1	39131	64885
/home/darkstar/bluedot-unit2-impossiblebench/concealment-probe/data/north-mini-bigbatch/north-mini-code/tokens/oneoff_lcbhard_84_e1.txt	/home/darkstar/bluedot-unit2-impossiblebench/concealment-probe/data/north-mini-bigbatch/north-mini-code/acts/oneoff_lcbhard_84_e1	1704	65540
/home/darkstar/bluedot-unit2-impossiblebench/concealment-probe/data/north-mini-bigbatch/north-mini-code/tokens/conflicting_lcbhard_51_e1.txt	/home/darkstar/bluedot-unit2-impossiblebench/concealment-probe/data/north-mini-bigbatch/north-mini-code/acts/conflicting_lcbhard_51_e1	47031	65810
/home/darkstar/bluedot-unit2-impossiblebench/concealment-probe/data/north-mini-bigbatch/north-mini-code/tokens/oneoff_lcbhard_23_e1.txt	/home/darkstar/bluedot-unit2-impossiblebench/concealment-probe/data/north-mini-bigbatch/north-mini-code/acts/oneoff_lcbhard_23_e1	35849	65835
/home/darkstar/bluedot-unit2-impossiblebench/concealment-probe/data/north-mini-bigbatch/north-mini-code/tokens/conflicting_lcbhard_88_e1.txt	/home/darkstar/bluedot-unit2-impossiblebench/concealment-probe/data/north-mini-bigbatch/north-mini-code/acts/conflicting_lcbhard_88_e1	50233	72298
/home/darkstar/bluedot-unit2-impossiblebench/concealment-probe/data/north-mini-bigbatch/north-mini-code/tokens/oneoff_lcbhard_68_e1.txt	/home/darkstar/bluedot-unit2-impossiblebench/concealment-probe/data/north-mini-bigbatch/north-mini-code/acts/oneoff_lcbhard_68_e1	47856	75163
/home/darkstar/bluedot-unit2-impossiblebench/concealment-probe/data/north-mini-bigbatch/north-mini-code/tokens/oneoff_lcbhard_27_e1.txt	/home/darkstar/bluedot-unit2-impossiblebench/concealment-probe/data/north-mini-bigbatch/north-mini-code/acts/oneoff_lcbhard_27_e1	46626	75921
/home/darkstar/bluedot-unit2-impossiblebench/concealment-probe/data/north-mini-bigbatch/north-mini-code/tokens/conflicting_lcbhard_4_e1.txt	/home/darkstar/bluedot-unit2-impossiblebench/concealment-probe/data/north-mini-bigbatch/north-mini-code/acts/conflicting_lcbhard_4_e1	50514	81511
/home/darkstar/bluedot-unit2-impossiblebench/concealment-probe/data/north-mini-bigbatch/north-mini-code/tokens/conflicting_lcbhard_84_e1.txt	/home/darkstar/bluedot-unit2-impossiblebench/concealment-probe/data/north-mini-bigbatch/north-mini-code/acts/conflicting_lcbhard_84_e1	54611	82927
/home/darkstar/bluedot-unit2-impossiblebench/concealment-probe/data/north-mini-bigbatch/north-mini-code/tokens/conflicting_lcbhard_2_e1.txt	/home/darkstar/bluedot-unit2-impossiblebench/concealment-probe/data/north-mini-bigbatch/north-mini-code/acts/conflicting_lcbhard_2_e1	42521	85880
/home/darkstar/bluedot-unit2-impossiblebench/concealment-probe/data/north-mini-bigbatch/north-mini-code/tokens/oneoff_lcbhard_39_e1.txt	/home/darkstar/bluedot-unit2-impossiblebench/concealment-probe/data/north-mini-bigbatch/north-mini-code/acts/oneoff_lcbhard_39_e1	48963	88892
/home/darkstar/bluedot-unit2-impossiblebench/concealment-probe/data/north-mini-bigbatch/north-mini-code/tokens/oneoff_lcbhard_55_e1.txt	/home/darkstar/bluedot-unit2-impossiblebench/concealment-probe/data/north-mini-bigbatch/north-mini-code/acts/oneoff_lcbhard_55_e1	52119	90843
/home/darkstar/bluedot-unit2-impossiblebench/concealment-probe/data/north-mini-bigbatch/north-mini-code/tokens/conflicting_lcbhard_27_e1.txt	/home/darkstar/bluedot-unit2-impossiblebench/concealment-probe/data/north-mini-bigbatch/north-mini-code/acts/conflicting_lcbhard_27_e1	51780	91129
/home/darkstar/bluedot-unit2-impossiblebench/concealment-probe/data/north-mini-bigbatch/north-mini-code/tokens/oneoff_lcbhard_70_e1.txt	/home/darkstar/bluedot-unit2-impossiblebench/concealment-probe/data/north-mini-bigbatch/north-mini-code/acts/oneoff_lcbhard_70_e1	64607	92217
/home/darkstar/bluedot-unit2-impossiblebench/concealment-probe/data/north-mini-bigbatch/north-mini-code/tokens/conflicting_lcbhard_99_e1.txt	/home/darkstar/bluedot-unit2-impossiblebench/concealment-probe/data/north-mini-bigbatch/north-mini-code/acts/conflicting_lcbhard_99_e1	64762	99943
/home/darkstar/bluedot-unit2-impossiblebench/concealment-probe/data/north-mini-bigbatch/north-mini-code/tokens/oneoff_lcbhard_89_e1.txt	/home/darkstar/bluedot-unit2-impossiblebench/concealment-probe/data/north-mini-bigbatch/north-mini-code/acts/oneoff_lcbhard_89_e1	65395	103965
/home/darkstar/bluedot-unit2-impossiblebench/concealment-probe/data/north-mini-bigbatch/north-mini-code/tokens/oneoff_lcbhard_6_e1.txt	/home/darkstar/bluedot-unit2-impossiblebench/concealment-probe/data/north-mini-bigbatch/north-mini-code/acts/oneoff_lcbhard_6_e1	69240	107263
/home/darkstar/bluedot-unit2-impossiblebench/concealment-probe/data/north-mini-bigbatch/north-mini-code/tokens/oneoff_lcbhard_97_e1.txt	/home/darkstar/bluedot-unit2-impossiblebench/concealment-probe/data/north-mini-bigbatch/north-mini-code/acts/oneoff_lcbhard_97_e1	53852	108164
/home/darkstar/bluedot-unit2-impossiblebench/concealment-probe/data/north-mini-bigbatch/north-mini-code/tokens/oneoff_lcbhard_21_e1.txt	/home/darkstar/bluedot-unit2-impossiblebench/concealment-probe/data/north-mini-bigbatch/north-mini-code/acts/oneoff_lcbhard_21_e1	65165	109858
/home/darkstar/bluedot-unit2-impossiblebench/concealment-probe/data/north-mini-bigbatch/north-mini-code/tokens/oneoff_lcbhard_58_e1.txt	/home/darkstar/bluedot-unit2-impossiblebench/concealment-probe/data/north-mini-bigbatch/north-mini-code/acts/oneoff_lcbhard_58_e1	78989	110825
/home/darkstar/bluedot-unit2-impossiblebench/concealment-probe/data/north-mini-bigbatch/north-mini-code/tokens/conflicting_lcbhard_40_e1.txt	/home/darkstar/bluedot-unit2-impossiblebench/concealment-probe/data/north-mini-bigbatch/north-mini-code/acts/conflicting_lcbhard_40_e1	57364	111056
/home/darkstar/bluedot-unit2-impossiblebench/concealment-probe/data/north-mini-bigbatch/north-mini-code/tokens/conflicting_lcbhard_47_e1.txt	/home/darkstar/bluedot-unit2-impossiblebench/concealment-probe/data/north-mini-bigbatch/north-mini-code/acts/conflicting_lcbhard_47_e1	96483	111177
/home/darkstar/bluedot-unit2-impossiblebench/concealment-probe/data/north-mini-bigbatch/north-mini-code/tokens/oneoff_lcbhard_46_e1.txt	/home/darkstar/bluedot-unit2-impossiblebench/concealment-probe/data/north-mini-bigbatch/north-mini-code/acts/oneoff_lcbhard_46_e1	64012	113653
/home/darkstar/bluedot-unit2-impossiblebench/concealment-probe/data/north-mini-bigbatch/north-mini-code/tokens/oneoff_lcbhard_95_e1.txt	/home/darkstar/bluedot-unit2-impossiblebench/concealment-probe/data/north-mini-bigbatch/north-mini-code/acts/oneoff_lcbhard_95_e1	87916	118280
/home/darkstar/bluedot-unit2-impossiblebench/concealment-probe/data/north-mini-bigbatch/north-mini-code/tokens/oneoff_lcbhard_1_e1.txt	/home/darkstar/bluedot-unit2-impossiblebench/concealment-probe/data/north-mini-bigbatch/north-mini-code/acts/oneoff_lcbhard_1_e1	82132	118986
/home/darkstar/bluedot-unit2-impossiblebench/concealment-probe/data/north-mini-bigbatch/north-mini-code/tokens/oneoff_lcbhard_5_e1.txt	/home/darkstar/bluedot-unit2-impossiblebench/concealment-probe/data/north-mini-bigbatch/north-mini-code/acts/oneoff_lcbhard_5_e1	65095	119846
/home/darkstar/bluedot-unit2-impossiblebench/concealment-probe/data/north-mini-bigbatch/north-mini-code/tokens/conflicting_lcbhard_68_e1.txt	/home/darkstar/bluedot-unit2-impossiblebench/concealment-probe/data/north-mini-bigbatch/north-mini-code/acts/conflicting_lcbhard_68_e1	88139	124046
/home/darkstar/bluedot-unit2-impossiblebench/concealment-probe/data/north-mini-bigbatch/north-mini-code/tokens/oneoff_lcbhard_19_e1.txt	/home/darkstar/bluedot-unit2-impossiblebench/concealment-probe/data/north-mini-bigbatch/north-mini-code/acts/oneoff_lcbhard_19_e1	65360	126657
/home/darkstar/bluedot-unit2-impossiblebench/concealment-probe/data/north-mini-bigbatch/north-mini-code/tokens/conflicting_lcbhard_61_e1.txt	/home/darkstar/bluedot-unit2-impossiblebench/concealment-probe/data/north-mini-bigbatch/north-mini-code/acts/conflicting_lcbhard_61_e1	88205	126801
/home/darkstar/bluedot-unit2-impossiblebench/concealment-probe/data/north-mini-bigbatch/north-mini-code/tokens/oneoff_lcbhard_9_e1.txt	/home/darkstar/bluedot-unit2-impossiblebench/concealment-probe/data/north-mini-bigbatch/north-mini-code/acts/oneoff_lcbhard_9_e1	88838	130229
/home/darkstar/bluedot-unit2-impossiblebench/concealment-probe/data/north-mini-bigbatch/north-mini-code/tokens/oneoff_lcbhard_37_e1.txt	/home/darkstar/bluedot-unit2-impossiblebench/concealment-probe/data/north-mini-bigbatch/north-mini-code/acts/oneoff_lcbhard_37_e1	111991	169791
/home/darkstar/bluedot-unit2-impossiblebench/concealment-probe/data/north-mini-bigbatch/north-mini-code/tokens/oneoff_lcbhard_59_e1.txt	/home/darkstar/bluedot-unit2-impossiblebench/concealment-probe/data/north-mini-bigbatch/north-mini-code/acts/oneoff_lcbhard_59_e1	125552	176835
/home/darkstar/bluedot-unit2-impossiblebench/concealment-probe/data/north-mini-bigbatch/north-mini-code/tokens/conflicting_lcbhard_70_e1.txt	/home/darkstar/bluedot-unit2-impossiblebench/concealment-probe/data/north-mini-bigbatch/north-mini-code/acts/conflicting_lcbhard_70_e1	73061	135760
/home/darkstar/bluedot-unit2-impossiblebench/concealment-probe/data/north-mini-bigbatch/north-mini-code/tokens/conflicting_lcbhard_34_e1.txt	/home/darkstar/bluedot-unit2-impossiblebench/concealment-probe/data/north-mini-bigbatch/north-mini-code/acts/conflicting_lcbhard_34_e1	41798	62615
/home/darkstar/bluedot-unit2-impossiblebench/concealment-probe/data/north-mini-bigbatch/north-mini-code/tokens/conflicting_lcbhard_23_e1.txt	/home/darkstar/bluedot-unit2-impossiblebench/concealment-probe/data/north-mini-bigbatch/north-mini-code/acts/conflicting_lcbhard_23_e1	48638	64712
/home/darkstar/bluedot-unit2-impossiblebench/concealment-probe/data/north-mini-bigbatch/north-mini-code/tokens/oneoff_lcbhard_30_e1.txt	/home/darkstar/bluedot-unit2-impossiblebench/concealment-probe/data/north-mini-bigbatch/north-mini-code/acts/oneoff_lcbhard_30_e1	45034	67898
/home/darkstar/bluedot-unit2-impossiblebench/concealment-probe/data/north-mini-bigbatch/north-mini-code/tokens/conflicting_lcbhard_59_e1.txt	/home/darkstar/bluedot-unit2-impossiblebench/concealment-probe/data/north-mini-bigbatch/north-mini-code/acts/conflicting_lcbhard_59_e1	72274	74344
/home/darkstar/bluedot-unit2-impossiblebench/concealment-probe/data/north-mini-bigbatch/north-mini-code/tokens/conflicting_lcbhard_57_e1.txt	/home/darkstar/bluedot-unit2-impossiblebench/concealment-probe/data/north-mini-bigbatch/north-mini-code/acts/conflicting_lcbhard_57_e1	47641	76764
/home/darkstar/bluedot-unit2-impossiblebench/concealment-probe/data/north-mini-bigbatch/north-mini-code/tokens/oneoff_lcbhard_2_e1.txt	/home/darkstar/bluedot-unit2-impossiblebench/concealment-probe/data/north-mini-bigbatch/north-mini-code/acts/oneoff_lcbhard_2_e1	21190	80932
/home/darkstar/bluedot-unit2-impossiblebench/concealment-probe/data/north-mini-bigbatch/north-mini-code/tokens/oneoff_lcbhard_61_e1.txt	/home/darkstar/bluedot-unit2-impossiblebench/concealment-probe/data/north-mini-bigbatch/north-mini-code/acts/oneoff_lcbhard_61_e1	53446	84165
/home/darkstar/bluedot-unit2-impossiblebench/concealment-probe/data/north-mini-bigbatch/north-mini-code/tokens/conflicting_lcbhard_72_e1.txt	/home/darkstar/bluedot-unit2-impossiblebench/concealment-probe/data/north-mini-bigbatch/north-mini-code/acts/conflicting_lcbhard_72_e1	56303	86563
/home/darkstar/bluedot-unit2-impossiblebench/concealment-probe/data/north-mini-bigbatch/north-mini-code/tokens/conflicting_lcbhard_55_e1.txt	/home/darkstar/bluedot-unit2-impossiblebench/concealment-probe/data/north-mini-bigbatch/north-mini-code/acts/conflicting_lcbhard_55_e1	61420	86928
/home/darkstar/bluedot-unit2-impossiblebench/concealment-probe/data/north-mini-bigbatch/north-mini-code/tokens/conflicting_lcbhard_9_e1.txt	/home/darkstar/bluedot-unit2-impossiblebench/concealment-probe/data/north-mini-bigbatch/north-mini-code/acts/conflicting_lcbhard_9_e1	66493	88314
/home/darkstar/bluedot-unit2-impossiblebench/concealment-probe/data/north-mini-bigbatch/north-mini-code/tokens/oneoff_lcbhard_0_e1.txt	/home/darkstar/bluedot-unit2-impossiblebench/concealment-probe/data/north-mini-bigbatch/north-mini-code/acts/oneoff_lcbhard_0_e1	59362	89483
/home/darkstar/bluedot-unit2-impossiblebench/concealment-probe/data/north-mini-bigbatch/north-mini-code/tokens/conflicting_lcbhard_46_e1.txt	/home/darkstar/bluedot-unit2-impossiblebench/concealment-probe/data/north-mini-bigbatch/north-mini-code/acts/conflicting_lcbhard_46_e1	56197	90005
/home/darkstar/bluedot-unit2-impossiblebench/concealment-probe/data/north-mini-bigbatch/north-mini-code/tokens/conflicting_lcbhard_62_e1.txt	/home/darkstar/bluedot-unit2-impossiblebench/concealment-probe/data/north-mini-bigbatch/north-mini-code/acts/conflicting_lcbhard_62_e1	57844	90510
/home/darkstar/bluedot-unit2-impossiblebench/concealment-probe/data/north-mini-bigbatch/north-mini-code/tokens/conflicting_lcbhard_16_e1.txt	/home/darkstar/bluedot-unit2-impossiblebench/concealment-probe/data/north-mini-bigbatch/north-mini-code/acts/conflicting_lcbhard_16_e1	81794	93843
/home/darkstar/bluedot-unit2-impossiblebench/concealment-probe/data/north-mini-bigbatch/north-mini-code/tokens/oneoff_lcbhard_47_e1.txt	/home/darkstar/bluedot-unit2-impossiblebench/concealment-probe/data/north-mini-bigbatch/north-mini-code/acts/oneoff_lcbhard_47_e1	65684	95040
/home/darkstar/bluedot-unit2-impossiblebench/concealment-probe/data/north-mini-bigbatch/north-mini-code/tokens/oneoff_lcbhard_51_e1.txt	/home/darkstar/bluedot-unit2-impossiblebench/concealment-probe/data/north-mini-bigbatch/north-mini-code/acts/oneoff_lcbhard_51_e1	87720	109083
/home/darkstar/bluedot-unit2-impossiblebench/concealment-probe/data/north-mini-bigbatch/north-mini-code/tokens/oneoff_lcbhard_42_e1.txt	/home/darkstar/bluedot-unit2-impossiblebench/concealment-probe/data/north-mini-bigbatch/north-mini-code/acts/oneoff_lcbhard_42_e1	77018	109831
/home/darkstar/bluedot-unit2-impossiblebench/concealment-probe/data/north-mini-bigbatch/north-mini-code/tokens/conflicting_lcbhard_97_e1.txt	/home/darkstar/bluedot-unit2-impossiblebench/concealment-probe/data/north-mini-bigbatch/north-mini-code/acts/conflicting_lcbhard_97_e1	86551	111249
/home/darkstar/bluedot-unit2-impossiblebench/concealment-probe/data/north-mini-bigbatch/north-mini-code/tokens/conflicting_lcbhard_1_e1.txt	/home/darkstar/bluedot-unit2-impossiblebench/concealment-probe/data/north-mini-bigbatch/north-mini-code/acts/conflicting_lcbhard_1_e1	78152	112874
/home/darkstar/bluedot-unit2-impossiblebench/concealment-probe/data/north-mini-bigbatch/north-mini-code/tokens/conflicting_lcbhard_6_e1.txt	/home/darkstar/bluedot-unit2-impossiblebench/concealment-probe/data/north-mini-bigbatch/north-mini-code/acts/conflicting_lcbhard_6_e1	97176	113928
/home/darkstar/bluedot-unit2-impossiblebench/concealment-probe/data/north-mini-bigbatch/north-mini-code/tokens/oneoff_lcbhard_88_e1.txt	/home/darkstar/bluedot-unit2-impossiblebench/concealment-probe/data/north-mini-bigbatch/north-mini-code/acts/oneoff_lcbhard_88_e1	85307	114566
/home/darkstar/bluedot-unit2-impossiblebench/concealment-probe/data/north-mini-bigbatch/north-mini-code/tokens/conflicting_lcbhard_89_e1.txt	/home/darkstar/bluedot-unit2-impossiblebench/concealment-probe/data/north-mini-bigbatch/north-mini-code/acts/conflicting_lcbhard_89_e1	67619	115234
/home/darkstar/bluedot-unit2-impossiblebench/concealment-probe/data/north-mini-bigbatch/north-mini-code/tokens/conflicting_lcbhard_58_e1.txt	/home/darkstar/bluedot-unit2-impossiblebench/concealment-probe/data/north-mini-bigbatch/north-mini-code/acts/conflicting_lcbhard_58_e1	97059	121034
/home/darkstar/bluedot-unit2-impossiblebench/concealment-probe/data/north-mini-bigbatch/north-mini-code/tokens/oneoff_lcbhard_99_e1.txt	/home/darkstar/bluedot-unit2-impossiblebench/concealment-probe/data/north-mini-bigbatch/north-mini-code/acts/oneoff_lcbhard_99_e1	64574	126320
/home/darkstar/bluedot-unit2-impossiblebench/concealment-probe/data/north-mini-bigbatch/north-mini-code/tokens/conflicting_lcbhard_98_e1.txt	/home/darkstar/bluedot-unit2-impossiblebench/concealment-probe/data/north-mini-bigbatch/north-mini-code/acts/conflicting_lcbhard_98_e1	97424	130446
/home/darkstar/bluedot-unit2-impossiblebench/concealment-probe/data/north-mini-bigbatch/north-mini-code/tokens/oneoff_lcbhard_4_e1.txt	/home/darkstar/bluedot-unit2-impossiblebench/concealment-probe/data/north-mini-bigbatch/north-mini-code/acts/oneoff_lcbhard_4_e1	99136	163139
/home/darkstar/bluedot-unit2-impossiblebench/concealment-probe/data/north-mini-bigbatch/north-mini-code/tokens/oneoff_lcbhard_40_e1.txt	/home/darkstar/bluedot-unit2-impossiblebench/concealment-probe/data/north-mini-bigbatch/north-mini-code/acts/oneoff_lcbhard_40_e1	123100	164509
/home/darkstar/bluedot-unit2-impossiblebench/concealment-probe/data/north-mini-bigbatch/north-mini-code/tokens/conflicting_lcbhard_5_e1.txt	/home/darkstar/bluedot-unit2-impossiblebench/concealment-probe/data/north-mini-bigbatch/north-mini-code/acts/conflicting_lcbhard_5_e1	120624	165411
/home/darkstar/bluedot-unit2-impossiblebench/concealment-probe/data/north-mini-bigbatch/north-mini-code/tokens/conflicting_lcbhard_37_e1.txt	/home/darkstar/bluedot-unit2-impossiblebench/concealment-probe/data/north-mini-bigbatch/north-mini-code/acts/conflicting_lcbhard_37_e1	121864	170318
/home/darkstar/bluedot-unit2-impossiblebench/concealment-probe/data/north-mini-bigbatch/north-mini-code/tokens/conflicting_lcbhard_95_e1.txt	/home/darkstar/bluedot-unit2-impossiblebench/concealment-probe/data/north-mini-bigbatch/north-mini-code/acts/conflicting_lcbhard_95_e1	126756	171671
/home/darkstar/bluedot-unit2-impossiblebench/concealment-probe/data/north-mini-bigbatch/north-mini-code/tokens/conflicting_lcbhard_21_e1.txt	/home/darkstar/bluedot-unit2-impossiblebench/concealment-probe/data/north-mini-bigbatch/north-mini-code/acts/conflicting_lcbhard_21_e1	108349	172352
/home/darkstar/bluedot-unit2-impossiblebench/concealment-probe/data/north-mini-bigbatch/north-mini-code/tokens/conflicting_lcbhard_13_e1.txt	/home/darkstar/bluedot-unit2-impossiblebench/concealment-probe/data/north-mini-bigbatch/north-mini-code/acts/conflicting_lcbhard_13_e1	806	5598
/home/darkstar/bluedot-unit2-impossiblebench/concealment-probe/data/north-mini-bigbatch/north-mini-code/tokens/conflicting_lcbhard_80_e1.txt	/home/darkstar/bluedot-unit2-impossiblebench/concealment-probe/data/north-mini-bigbatch/north-mini-code/acts/conflicting_lcbhard_80_e1	3111	9714
/home/darkstar/bluedot-unit2-impossiblebench/concealment-probe/data/north-mini-bigbatch/north-mini-code/tokens/oneoff_lcbhard_80_e1.txt	/home/darkstar/bluedot-unit2-impossiblebench/concealment-probe/data/north-mini-bigbatch/north-mini-code/acts/oneoff_lcbhard_80_e1	3098	27211
/home/darkstar/bluedot-unit2-impossiblebench/concealment-probe/data/north-mini-bigbatch/north-mini-code/tokens/conflicting_lcbhard_56_e1.txt	/home/darkstar/bluedot-unit2-impossiblebench/concealment-probe/data/north-mini-bigbatch/north-mini-code/acts/conflicting_lcbhard_56_e1	38443	41356
/home/darkstar/bluedot-unit2-impossiblebench/concealment-probe/data/north-mini-bigbatch/north-mini-code/tokens/conflicting_lcbhard_33_e1.txt	/home/darkstar/bluedot-unit2-impossiblebench/concealment-probe/data/north-mini-bigbatch/north-mini-code/acts/conflicting_lcbhard_33_e1	43013	44889
/home/darkstar/bluedot-unit2-impossiblebench/concealment-probe/data/north-mini-bigbatch/north-mini-code/tokens/oneoff_lcbhard_15_e1.txt	/home/darkstar/bluedot-unit2-impossiblebench/concealment-probe/data/north-mini-bigbatch/north-mini-code/acts/oneoff_lcbhard_15_e1	31545	46229
/home/darkstar/bluedot-unit2-impossiblebench/concealment-probe/data/north-mini-bigbatch/north-mini-code/tokens/oneoff_lcbhard_35_e1.txt	/home/darkstar/bluedot-unit2-impossiblebench/concealment-probe/data/north-mini-bigbatch/north-mini-code/acts/oneoff_lcbhard_35_e1	3529	46885
/home/darkstar/bluedot-unit2-impossiblebench/concealment-probe/data/north-mini-bigbatch/north-mini-code/tokens/conflicting_lcbhard_54_e1.txt	/home/darkstar/bluedot-unit2-impossiblebench/concealment-probe/data/north-mini-bigbatch/north-mini-code/acts/conflicting_lcbhard_54_e1	1071	49883
/home/darkstar/bluedot-unit2-impossiblebench/concealment-probe/data/north-mini-bigbatch/north-mini-code/tokens/conflicting_lcbhard_41_e1.txt	/home/darkstar/bluedot-unit2-impossiblebench/concealment-probe/data/north-mini-bigbatch/north-mini-code/acts/conflicting_lcbhard_41_e1	33291	50823
/home/darkstar/bluedot-unit2-impossiblebench/concealment-probe/data/north-mini-bigbatch/north-mini-code/tokens/oneoff_lcbhard_86_e1.txt	/home/darkstar/bluedot-unit2-impossiblebench/concealment-probe/data/north-mini-bigbatch/north-mini-code/acts/oneoff_lcbhard_86_e1	33321	57782
/home/darkstar/bluedot-unit2-impossiblebench/concealment-probe/data/north-mini-bigbatch/north-mini-code/tokens/oneoff_lcbhard_26_e1.txt	/home/darkstar/bluedot-unit2-impossiblebench/concealment-probe/data/north-mini-bigbatch/north-mini-code/acts/oneoff_lcbhard_26_e1	37240	62205
/home/darkstar/bluedot-unit2-impossiblebench/concealment-probe/data/north-mini-bigbatch/north-mini-code/tokens/oneoff_lcbhard_24_e1.txt	/home/darkstar/bluedot-unit2-impossiblebench/concealment-probe/data/north-mini-bigbatch/north-mini-code/acts/oneoff_lcbhard_24_e1	43567	63636
/home/darkstar/bluedot-unit2-impossiblebench/concealment-probe/data/north-mini-bigbatch/north-mini-code/tokens/conflicting_lcbhard_86_e1.txt	/home/darkstar/bluedot-unit2-impossiblebench/concealment-probe/data/north-mini-bigbatch/north-mini-code/acts/conflicting_lcbhard_86_e1	41198	64094
/home/darkstar/bluedot-unit2-impossiblebench/concealment-probe/data/north-mini-bigbatch/north-mini-code/tokens/conflicting_lcbhard_92_e1.txt	/home/darkstar/bluedot-unit2-impossiblebench/concealment-probe/data/north-mini-bigbatch/north-mini-code/acts/conflicting_lcbhard_92_e1	13761	64804
/home/darkstar/bluedot-unit2-impossiblebench/concealment-probe/data/north-mini-bigbatch/north-mini-code/tokens/oneoff_lcbhard_17_e1.txt	/home/darkstar/bluedot-unit2-impossiblebench/concealment-probe/data/north-mini-bigbatch/north-mini-code/acts/oneoff_lcbhard_17_e1	893	64914
/home/darkstar/bluedot-unit2-impossiblebench/concealment-probe/data/north-mini-bigbatch/north-mini-code/tokens/oneoff_lcbhard_18_e1.txt	/home/darkstar/bluedot-unit2-impossiblebench/concealment-probe/data/north-mini-bigbatch/north-mini-code/acts/oneoff_lcbhard_18_e1	49885	65644
/home/darkstar/bluedot-unit2-impossiblebench/concealment-probe/data/north-mini-bigbatch/north-mini-code/tokens/conflicting_lcbhard_11_e1.txt	/home/darkstar/bluedot-unit2-impossiblebench/concealment-probe/data/north-mini-bigbatch/north-mini-code/acts/conflicting_lcbhard_11_e1	45180	66486
/home/darkstar/bluedot-unit2-impossiblebench/concealment-probe/data/north-mini-bigbatch/north-mini-code/tokens/oneoff_lcbhard_73_e1.txt	/home/darkstar/bluedot-unit2-impossiblebench/concealment-probe/data/north-mini-bigbatch/north-mini-code/acts/oneoff_lcbhard_73_e1	65902	70540
/home/darkstar/bluedot-unit2-impossiblebench/concealment-probe/data/north-mini-bigbatch/north-mini-code/tokens/conflicting_lcbhard_45_e1.txt	/home/darkstar/bluedot-unit2-impossiblebench/concealment-probe/data/north-mini-bigbatch/north-mini-code/acts/conflicting_lcbhard_45_e1	70755	72155
/home/darkstar/bluedot-unit2-impossiblebench/concealment-probe/data/north-mini-bigbatch/north-mini-code/tokens/oneoff_lcbhard_66_e1.txt	/home/darkstar/bluedot-unit2-impossiblebench/concealment-probe/data/north-mini-bigbatch/north-mini-code/acts/oneoff_lcbhard_66_e1	50822	75053
/home/darkstar/bluedot-unit2-impossiblebench/concealment-probe/data/north-mini-bigbatch/north-mini-code/tokens/oneoff_lcbhard_91_e1.txt	/home/darkstar/bluedot-unit2-impossiblebench/concealment-probe/data/north-mini-bigbatch/north-mini-code/acts/oneoff_lcbhard_91_e1	48687	75195
/home/darkstar/bluedot-unit2-impossiblebench/concealment-probe/data/north-mini-bigbatch/north-mini-code/tokens/conflicting_lcbhard_31_e1.txt	/home/darkstar/bluedot-unit2-impossiblebench/concealment-probe/data/north-mini-bigbatch/north-mini-code/acts/conflicting_lcbhard_31_e1	53936	75780
/home/darkstar/bluedot-unit2-impossiblebench/concealment-probe/data/north-mini-bigbatch/north-mini-code/tokens/oneoff_lcbhard_60_e1.txt	/home/darkstar/bluedot-unit2-impossiblebench/concealment-probe/data/north-mini-bigbatch/north-mini-code/acts/oneoff_lcbhard_60_e1	74379	76737
/home/darkstar/bluedot-unit2-impossiblebench/concealment-probe/data/north-mini-bigbatch/north-mini-code/tokens/oneoff_lcbhard_12_e1.txt	/home/darkstar/bluedot-unit2-impossiblebench/concealment-probe/data/north-mini-bigbatch/north-mini-code/acts/oneoff_lcbhard_12_e1	55515	77183
/home/darkstar/bluedot-unit2-impossiblebench/concealment-probe/data/north-mini-bigbatch/north-mini-code/tokens/conflicting_lcbhard_8_e1.txt	/home/darkstar/bluedot-unit2-impossiblebench/concealment-probe/data/north-mini-bigbatch/north-mini-code/acts/conflicting_lcbhard_8_e1	59238	79268
/home/darkstar/bluedot-unit2-impossiblebench/concealment-probe/data/north-mini-bigbatch/north-mini-code/tokens/conflicting_lcbhard_75_e1.txt	/home/darkstar/bluedot-unit2-impossiblebench/concealment-probe/data/north-mini-bigbatch/north-mini-code/acts/conflicting_lcbhard_75_e1	39116	79953
/home/darkstar/bluedot-unit2-impossiblebench/concealment-probe/data/north-mini-bigbatch/north-mini-code/tokens/oneoff_lcbhard_28_e1.txt	/home/darkstar/bluedot-unit2-impossiblebench/concealment-probe/data/north-mini-bigbatch/north-mini-code/acts/oneoff_lcbhard_28_e1	51512	80766
/home/darkstar/bluedot-unit2-impossiblebench/concealment-probe/data/north-mini-bigbatch/north-mini-code/tokens/oneoff_lcbhard_49_e1.txt	/home/darkstar/bluedot-unit2-impossiblebench/concealment-probe/data/north-mini-bigbatch/north-mini-code/acts/oneoff_lcbhard_49_e1	58770	81062
/home/darkstar/bluedot-unit2-impossiblebench/concealment-probe/data/north-mini-bigbatch/north-mini-code/tokens/oneoff_lcbhard_29_e1.txt	/home/darkstar/bluedot-unit2-impossiblebench/concealment-probe/data/north-mini-bigbatch/north-mini-code/acts/oneoff_lcbhard_29_e1	55742	81846
/home/darkstar/bluedot-unit2-impossiblebench/concealment-probe/data/north-mini-bigbatch/north-mini-code/tokens/conflicting_lcbhard_101_e1.txt	/home/darkstar/bluedot-unit2-impossiblebench/concealment-probe/data/north-mini-bigbatch/north-mini-code/acts/conflicting_lcbhard_101_e1	40728	82241
/home/darkstar/bluedot-unit2-impossiblebench/concealment-probe/data/north-mini-bigbatch/north-mini-code/tokens/oneoff_lcbhard_31_e1.txt	/home/darkstar/bluedot-unit2-impossiblebench/concealment-probe/data/north-mini-bigbatch/north-mini-code/acts/oneoff_lcbhard_31_e1	54530	82656
/home/darkstar/bluedot-unit2-impossiblebench/concealment-probe/data/north-mini-bigbatch/north-mini-code/tokens/conflicting_lcbhard_24_e1.txt	/home/darkstar/bluedot-unit2-impossiblebench/concealment-probe/data/north-mini-bigbatch/north-mini-code/acts/conflicting_lcbhard_24_e1	49925	83540
/home/darkstar/bluedot-unit2-impossiblebench/concealment-probe/data/north-mini-bigbatch/north-mini-code/tokens/conflicting_lcbhard_38_e1.txt	/home/darkstar/bluedot-unit2-impossiblebench/concealment-probe/data/north-mini-bigbatch/north-mini-code/acts/conflicting_lcbhard_38_e1	58563	83643
/home/darkstar/bluedot-unit2-impossiblebench/concealment-probe/data/north-mini-bigbatch/north-mini-code/tokens/oneoff_lcbhard_13_e1.txt	/home/darkstar/bluedot-unit2-impossiblebench/concealment-probe/data/north-mini-bigbatch/north-mini-code/acts/oneoff_lcbhard_13_e1	67898	83834
/home/darkstar/bluedot-unit2-impossiblebench/concealment-probe/data/north-mini-bigbatch/north-mini-code/tokens/conflicting_lcbhard_85_e1.txt	/home/darkstar/bluedot-unit2-impossiblebench/concealment-probe/data/north-mini-bigbatch/north-mini-code/acts/conflicting_lcbhard_85_e1	51772	84513
/home/darkstar/bluedot-unit2-impossiblebench/concealment-probe/data/north-mini-bigbatch/north-mini-code/tokens/conflicting_lcbhard_66_e1.txt	/home/darkstar/bluedot-unit2-impossiblebench/concealment-probe/data/north-mini-bigbatch/north-mini-code/acts/conflicting_lcbhard_66_e1	54952	85574
/home/darkstar/bluedot-unit2-impossiblebench/concealment-probe/data/north-mini-bigbatch/north-mini-code/tokens/conflicting_lcbhard_32_e1.txt	/home/darkstar/bluedot-unit2-impossiblebench/concealment-probe/data/north-mini-bigbatch/north-mini-code/acts/conflicting_lcbhard_32_e1	59165	86348
/home/darkstar/bluedot-unit2-impossiblebench/concealment-probe/data/north-mini-bigbatch/north-mini-code/tokens/oneoff_lcbhard_11_e1.txt	/home/darkstar/bluedot-unit2-impossiblebench/concealment-probe/data/north-mini-bigbatch/north-mini-code/acts/oneoff_lcbhard_11_e1	74325	87516
/home/darkstar/bluedot-unit2-impossiblebench/concealment-probe/data/north-mini-bigbatch/north-mini-code/tokens/conflicting_lcbhard_50_e1.txt	/home/darkstar/bluedot-unit2-impossiblebench/concealment-probe/data/north-mini-bigbatch/north-mini-code/acts/conflicting_lcbhard_50_e1	61735	88227
/home/darkstar/bluedot-unit2-impossiblebench/concealment-probe/data/north-mini-bigbatch/north-mini-code/tokens/oneoff_lcbhard_44_e1.txt	/home/darkstar/bluedot-unit2-impossiblebench/concealment-probe/data/north-mini-bigbatch/north-mini-code/acts/oneoff_lcbhard_44_e1	59705	88545
/home/darkstar/bluedot-unit2-impossiblebench/concealment-probe/data/north-mini-bigbatch/north-mini-code/tokens/oneoff_lcbhard_92_e1.txt	/home/darkstar/bluedot-unit2-impossiblebench/concealment-probe/data/north-mini-bigbatch/north-mini-code/acts/oneoff_lcbhard_92_e1	48876	90183
/home/darkstar/bluedot-unit2-impossiblebench/concealment-probe/data/north-mini-bigbatch/north-mini-code/tokens/conflicting_lcbhard_60_e1.txt	/home/darkstar/bluedot-unit2-impossiblebench/concealment-probe/data/north-mini-bigbatch/north-mini-code/acts/conflicting_lcbhard_60_e1	70632	90594
/home/darkstar/bluedot-unit2-impossiblebench/concealment-probe/data/north-mini-bigbatch/north-mini-code/tokens/conflicting_lcbhard_26_e1.txt	/home/darkstar/bluedot-unit2-impossiblebench/concealment-probe/data/north-mini-bigbatch/north-mini-code/acts/conflicting_lcbhard_26_e1	69838	92648
/home/darkstar/bluedot-unit2-impossiblebench/concealment-probe/data/north-mini-bigbatch/north-mini-code/tokens/conflicting_lcbhard_102_e1.txt	/home/darkstar/bluedot-unit2-impossiblebench/concealment-probe/data/north-mini-bigbatch/north-mini-code/acts/conflicting_lcbhard_102_e1	69946	94191
/home/darkstar/bluedot-unit2-impossiblebench/concealment-probe/data/north-mini-bigbatch/north-mini-code/tokens/conflicting_lcbhard_29_e1.txt	/home/darkstar/bluedot-unit2-impossiblebench/concealment-probe/data/north-mini-bigbatch/north-mini-code/acts/conflicting_lcbhard_29_e1	50738	95896
/home/darkstar/bluedot-unit2-impossiblebench/concealment-probe/data/north-mini-bigbatch/north-mini-code/tokens/conflicting_lcbhard_64_e1.txt	/home/darkstar/bluedot-unit2-impossiblebench/concealment-probe/data/north-mini-bigbatch/north-mini-code/acts/conflicting_lcbhard_64_e1	66279	96147
/home/darkstar/bluedot-unit2-impossiblebench/concealment-probe/data/north-mini-bigbatch/north-mini-code/tokens/conflicting_lcbhard_91_e1.txt	/home/darkstar/bluedot-unit2-impossiblebench/concealment-probe/data/north-mini-bigbatch/north-mini-code/acts/conflicting_lcbhard_91_e1	70399	96791
/home/darkstar/bluedot-unit2-impossiblebench/concealment-probe/data/north-mini-bigbatch/north-mini-code/tokens/oneoff_lcbhard_8_e1.txt	/home/darkstar/bluedot-unit2-impossiblebench/concealment-probe/data/north-mini-bigbatch/north-mini-code/acts/oneoff_lcbhard_8_e1	69979	97814
/home/darkstar/bluedot-unit2-impossiblebench/concealment-probe/data/north-mini-bigbatch/north-mini-code/tokens/conflicting_lcbhard_43_e1.txt	/home/darkstar/bluedot-unit2-impossiblebench/concealment-probe/data/north-mini-bigbatch/north-mini-code/acts/conflicting_lcbhard_43_e1	71248	100043
/home/darkstar/bluedot-unit2-impossiblebench/concealment-probe/data/north-mini-bigbatch/north-mini-code/tokens/oneoff_lcbhard_102_e1.txt	/home/darkstar/bluedot-unit2-impossiblebench/concealment-probe/data/north-mini-bigbatch/north-mini-code/acts/oneoff_lcbhard_102_e1	79296	101048
/home/darkstar/bluedot-unit2-impossiblebench/concealment-probe/data/north-mini-bigbatch/north-mini-code/tokens/oneoff_lcbhard_50_e1.txt	/home/darkstar/bluedot-unit2-impossiblebench/concealment-probe/data/north-mini-bigbatch/north-mini-code/acts/oneoff_lcbhard_50_e1	38926	102360
/home/darkstar/bluedot-unit2-impossiblebench/concealment-probe/data/north-mini-bigbatch/north-mini-code/tokens/oneoff_lcbhard_54_e1.txt	/home/darkstar/bluedot-unit2-impossiblebench/concealment-probe/data/north-mini-bigbatch/north-mini-code/acts/oneoff_lcbhard_54_e1	67784	102526
/home/darkstar/bluedot-unit2-impossiblebench/concealment-probe/data/north-mini-bigbatch/north-mini-code/tokens/oneoff_lcbhard_85_e1.txt	/home/darkstar/bluedot-unit2-impossiblebench/concealment-probe/data/north-mini-bigbatch/north-mini-code/acts/oneoff_lcbhard_85_e1	62648	102615
/home/darkstar/bluedot-unit2-impossiblebench/concealment-probe/data/north-mini-bigbatch/north-mini-code/tokens/conflicting_lcbhard_17_e1.txt	/home/darkstar/bluedot-unit2-impossiblebench/concealment-probe/data/north-mini-bigbatch/north-mini-code/acts/conflicting_lcbhard_17_e1	64188	103808
/home/darkstar/bluedot-unit2-impossiblebench/concealment-probe/data/north-mini-bigbatch/north-mini-code/tokens/oneoff_lcbhard_65_e1.txt	/home/darkstar/bluedot-unit2-impossiblebench/concealment-probe/data/north-mini-bigbatch/north-mini-code/acts/oneoff_lcbhard_65_e1	50410	104561
/home/darkstar/bluedot-unit2-impossiblebench/concealment-probe/data/north-mini-bigbatch/north-mini-code/tokens/oneoff_lcbhard_67_e1.txt	/home/darkstar/bluedot-unit2-impossiblebench/concealment-probe/data/north-mini-bigbatch/north-mini-code/acts/oneoff_lcbhard_67_e1	77236	104633
/home/darkstar/bluedot-unit2-impossiblebench/concealment-probe/data/north-mini-bigbatch/north-mini-code/tokens/conflicting_lcbhard_65_e1.txt	/home/darkstar/bluedot-unit2-impossiblebench/concealment-probe/data/north-mini-bigbatch/north-mini-code/acts/conflicting_lcbhard_65_e1	51731	107417
/home/darkstar/bluedot-unit2-impossiblebench/concealment-probe/data/north-mini-bigbatch/north-mini-code/tokens/oneoff_lcbhard_32_e1.txt	/home/darkstar/bluedot-unit2-impossiblebench/concealment-probe/data/north-mini-bigbatch/north-mini-code/acts/oneoff_lcbhard_32_e1	73813	108950
/home/darkstar/bluedot-unit2-impossiblebench/concealment-probe/data/north-mini-bigbatch/north-mini-code/tokens/oneoff_lcbhard_43_e1.txt	/home/darkstar/bluedot-unit2-impossiblebench/concealment-probe/data/north-mini-bigbatch/north-mini-code/acts/oneoff_lcbhard_43_e1	76429	109188
/home/darkstar/bluedot-unit2-impossiblebench/concealment-probe/data/north-mini-bigbatch/north-mini-code/tokens/conflicting_lcbhard_35_e1.txt	/home/darkstar/bluedot-unit2-impossiblebench/concealment-probe/data/north-mini-bigbatch/north-mini-code/acts/conflicting_lcbhard_35_e1	80708	110136
/home/darkstar/bluedot-unit2-impossiblebench/concealment-probe/data/north-mini-bigbatch/north-mini-code/tokens/conflicting_lcbhard_15_e1.txt	/home/darkstar/bluedot-unit2-impossiblebench/concealment-probe/data/north-mini-bigbatch/north-mini-code/acts/conflicting_lcbhard_15_e1	50732	114058
/home/darkstar/bluedot-unit2-impossiblebench/concealment-probe/data/north-mini-bigbatch/north-mini-code/tokens/oneoff_lcbhard_38_e1.txt	/home/darkstar/bluedot-unit2-impossiblebench/concealment-probe/data/north-mini-bigbatch/north-mini-code/acts/oneoff_lcbhard_38_e1	75170	114181
/home/darkstar/bluedot-unit2-impossiblebench/concealment-probe/data/north-mini-bigbatch/north-mini-code/tokens/oneoff_lcbhard_41_e1.txt	/home/darkstar/bluedot-unit2-impossiblebench/concealment-probe/data/north-mini-bigbatch/north-mini-code/acts/oneoff_lcbhard_41_e1	61396	115678
/home/darkstar/bluedot-unit2-impossiblebench/concealment-probe/data/north-mini-bigbatch/north-mini-code/tokens/oneoff_lcbhard_52_e1.txt	/home/darkstar/bluedot-unit2-impossiblebench/concealment-probe/data/north-mini-bigbatch/north-mini-code/acts/oneoff_lcbhard_52_e1	84188	115860
/home/darkstar/bluedot-unit2-impossiblebench/concealment-probe/data/north-mini-bigbatch/north-mini-code/tokens/oneoff_lcbhard_76_e1.txt	/home/darkstar/bluedot-unit2-impossiblebench/concealment-probe/data/north-mini-bigbatch/north-mini-code/acts/oneoff_lcbhard_76_e1	75958	117080
/home/darkstar/bluedot-unit2-impossiblebench/concealment-probe/data/north-mini-bigbatch/north-mini-code/tokens/oneoff_lcbhard_82_e1.txt	/home/darkstar/bluedot-unit2-impossiblebench/concealment-probe/data/north-mini-bigbatch/north-mini-code/acts/oneoff_lcbhard_82_e1	115799	117908
/home/darkstar/bluedot-unit2-impossiblebench/concealment-probe/data/north-mini-bigbatch/north-mini-code/tokens/conflicting_lcbhard_63_e1.txt	/home/darkstar/bluedot-unit2-impossiblebench/concealment-probe/data/north-mini-bigbatch/north-mini-code/acts/conflicting_lcbhard_63_e1	79498	118650
/home/darkstar/bluedot-unit2-impossiblebench/concealment-probe/data/north-mini-bigbatch/north-mini-code/tokens/oneoff_lcbhard_69_e1.txt	/home/darkstar/bluedot-unit2-impossiblebench/concealment-probe/data/north-mini-bigbatch/north-mini-code/acts/oneoff_lcbhard_69_e1	76771	118812
/home/darkstar/bluedot-unit2-impossiblebench/concealment-probe/data/north-mini-bigbatch/north-mini-code/tokens/conflicting_lcbhard_67_e1.txt	/home/darkstar/bluedot-unit2-impossiblebench/concealment-probe/data/north-mini-bigbatch/north-mini-code/acts/conflicting_lcbhard_67_e1	82504	120304
/home/darkstar/bluedot-unit2-impossiblebench/concealment-probe/data/north-mini-bigbatch/north-mini-code/tokens/oneoff_lcbhard_78_e1.txt	/home/darkstar/bluedot-unit2-impossiblebench/concealment-probe/data/north-mini-bigbatch/north-mini-code/acts/oneoff_lcbhard_78_e1	58387	121886
/home/darkstar/bluedot-unit2-impossiblebench/concealment-probe/data/north-mini-bigbatch/north-mini-code/tokens/conflicting_lcbhard_52_e1.txt	/home/darkstar/bluedot-unit2-impossiblebench/concealment-probe/data/north-mini-bigbatch/north-mini-code/acts/conflicting_lcbhard_52_e1	85102	124746
/home/darkstar/bluedot-unit2-impossiblebench/concealment-probe/data/north-mini-bigbatch/north-mini-code/tokens/conflicting_lcbhard_18_e1.txt	/home/darkstar/bluedot-unit2-impossiblebench/concealment-probe/data/north-mini-bigbatch/north-mini-code/acts/conflicting_lcbhard_18_e1	95211	126051
/home/darkstar/bluedot-unit2-impossiblebench/concealment-probe/data/north-mini-bigbatch/north-mini-code/tokens/conflicting_lcbhard_76_e1.txt	/home/darkstar/bluedot-unit2-impossiblebench/concealment-probe/data/north-mini-bigbatch/north-mini-code/acts/conflicting_lcbhard_76_e1	78341	129887
/home/darkstar/bluedot-unit2-impossiblebench/concealment-probe/data/north-mini-bigbatch/north-mini-code/tokens/conflicting_lcbhard_87_e1.txt	/home/darkstar/bluedot-unit2-impossiblebench/concealment-probe/data/north-mini-bigbatch/north-mini-code/acts/conflicting_lcbhard_87_e1	128459	129956
/home/darkstar/bluedot-unit2-impossiblebench/concealment-probe/data/north-mini-bigbatch/north-mini-code/tokens/conflicting_lcbhard_69_e1.txt	/home/darkstar/bluedot-unit2-impossiblebench/concealment-probe/data/north-mini-bigbatch/north-mini-code/acts/conflicting_lcbhard_69_e1	72339	130135
/home/darkstar/bluedot-unit2-impossiblebench/concealment-probe/data/north-mini-bigbatch/north-mini-code/tokens/oneoff_lcbhard_101_e1.txt	/home/darkstar/bluedot-unit2-impossiblebench/concealment-probe/data/north-mini-bigbatch/north-mini-code/acts/oneoff_lcbhard_101_e1	101388	131341
/home/darkstar/bluedot-unit2-impossiblebench/concealment-probe/data/north-mini-bigbatch/north-mini-code/tokens/conflicting_lcbhard_22_e1.txt	/home/darkstar/bluedot-unit2-impossiblebench/concealment-probe/data/north-mini-bigbatch/north-mini-code/acts/conflicting_lcbhard_22_e1	94114	131902
/home/darkstar/bluedot-unit2-impossiblebench/concealment-probe/data/north-mini-bigbatch/north-mini-code/tokens/oneoff_lcbhard_45_e1.txt	/home/darkstar/bluedot-unit2-impossiblebench/concealment-probe/data/north-mini-bigbatch/north-mini-code/acts/oneoff_lcbhard_45_e1	130037	132110
/home/darkstar/bluedot-unit2-impossiblebench/concealment-probe/data/north-mini-bigbatch/north-mini-code/tokens/conflicting_lcbhard_53_e1.txt	/home/darkstar/bluedot-unit2-impossiblebench/concealment-probe/data/north-mini-bigbatch/north-mini-code/acts/conflicting_lcbhard_53_e1	110899	133431
/home/darkstar/bluedot-unit2-impossiblebench/concealment-probe/data/north-mini-bigbatch/north-mini-code/tokens/oneoff_lcbhard_56_e1.txt	/home/darkstar/bluedot-unit2-impossiblebench/concealment-probe/data/north-mini-bigbatch/north-mini-code/acts/oneoff_lcbhard_56_e1	104878	133643
/home/darkstar/bluedot-unit2-impossiblebench/concealment-probe/data/north-mini-bigbatch/north-mini-code/tokens/conflicting_lcbhard_83_e1.txt	/home/darkstar/bluedot-unit2-impossiblebench/concealment-probe/data/north-mini-bigbatch/north-mini-code/acts/conflicting_lcbhard_83_e1	103576	134676
/home/darkstar/bluedot-unit2-impossiblebench/concealment-probe/data/north-mini-bigbatch/north-mini-code/tokens/conflicting_lcbhard_12_e1.txt	/home/darkstar/bluedot-unit2-impossiblebench/concealment-probe/data/north-mini-bigbatch/north-mini-code/acts/conflicting_lcbhard_12_e1	103522	135595
/home/darkstar/bluedot-unit2-impossiblebench/concealment-probe/data/north-mini-bigbatch/north-mini-code/tokens/oneoff_lcbhard_83_e1.txt	/home/darkstar/bluedot-unit2-impossiblebench/concealment-probe/data/north-mini-bigbatch/north-mini-code/acts/oneoff_lcbhard_83_e1	76581	140453
/home/darkstar/bluedot-unit2-impossiblebench/concealment-probe/data/north-mini-bigbatch/north-mini-code/tokens/conflicting_lcbhard_49_e1.txt	/home/darkstar/bluedot-unit2-impossiblebench/concealment-probe/data/north-mini-bigbatch/north-mini-code/acts/conflicting_lcbhard_49_e1	105763	140998
/home/darkstar/bluedot-unit2-impossiblebench/concealment-probe/data/north-mini-bigbatch/north-mini-code/tokens/conflicting_lcbhard_44_e1.txt	/home/darkstar/bluedot-unit2-impossiblebench/concealment-probe/data/north-mini-bigbatch/north-mini-code/acts/conflicting_lcbhard_44_e1	96859	141775
/home/darkstar/bluedot-unit2-impossiblebench/concealment-probe/data/north-mini-bigbatch/north-mini-code/tokens/oneoff_lcbhard_63_e1.txt	/home/darkstar/bluedot-unit2-impossiblebench/concealment-probe/data/north-mini-bigbatch/north-mini-code/acts/oneoff_lcbhard_63_e1	96242	145442
/home/darkstar/bluedot-unit2-impossiblebench/concealment-probe/data/north-mini-bigbatch/north-mini-code/tokens/oneoff_lcbhard_53_e1.txt	/home/darkstar/bluedot-unit2-impossiblebench/concealment-probe/data/north-mini-bigbatch/north-mini-code/acts/oneoff_lcbhard_53_e1	93291	153266
/home/darkstar/bluedot-unit2-impossiblebench/concealment-probe/data/north-mini-bigbatch/north-mini-code/tokens/conflicting_lcbhard_82_e1.txt	/home/darkstar/bluedot-unit2-impossiblebench/concealment-probe/data/north-mini-bigbatch/north-mini-code/acts/conflicting_lcbhard_82_e1	117142	156865
/home/darkstar/bluedot-unit2-impossiblebench/concealment-probe/data/north-mini-bigbatch/north-mini-code/tokens/oneoff_lcbhard_36_e1.txt	/home/darkstar/bluedot-unit2-impossiblebench/concealment-probe/data/north-mini-bigbatch/north-mini-code/acts/oneoff_lcbhard_36_e1	112124	157776
/home/darkstar/bluedot-unit2-impossiblebench/concealment-probe/data/north-mini-bigbatch/north-mini-code/tokens/oneoff_lcbhard_90_e1.txt	/home/darkstar/bluedot-unit2-impossiblebench/concealment-probe/data/north-mini-bigbatch/north-mini-code/acts/oneoff_lcbhard_90_e1	129076	160137
/home/darkstar/bluedot-unit2-impossiblebench/concealment-probe/data/north-mini-bigbatch/north-mini-code/tokens/conflicting_lcbhard_36_e1.txt	/home/darkstar/bluedot-unit2-impossiblebench/concealment-probe/data/north-mini-bigbatch/north-mini-code/acts/conflicting_lcbhard_36_e1	115662	163216
/home/darkstar/bluedot-unit2-impossiblebench/concealment-probe/data/north-mini-bigbatch/north-mini-code/tokens/conflicting_lcbhard_73_e1.txt	/home/darkstar/bluedot-unit2-impossiblebench/concealment-probe/data/north-mini-bigbatch/north-mini-code/acts/conflicting_lcbhard_73_e1	129344	165082
/home/darkstar/bluedot-unit2-impossiblebench/concealment-probe/data/north-mini-bigbatch/north-mini-code/tokens/conflicting_lcbhard_93_e1.txt	/home/darkstar/bluedot-unit2-impossiblebench/concealment-probe/data/north-mini-bigbatch/north-mini-code/acts/conflicting_lcbhard_93_e1	106575	165202
/home/darkstar/bluedot-unit2-impossiblebench/concealment-probe/data/north-mini-bigbatch/north-mini-code/tokens/conflicting_lcbhard_96_e1.txt	/home/darkstar/bluedot-unit2-impossiblebench/concealment-probe/data/north-mini-bigbatch/north-mini-code/acts/conflicting_lcbhard_96_e1	117995	170709
/home/darkstar/bluedot-unit2-impossiblebench/concealment-probe/data/north-mini-bigbatch/north-mini-code/tokens/conflicting_lcbhard_74_e1.txt	/home/darkstar/bluedot-unit2-impossiblebench/concealment-probe/data/north-mini-bigbatch/north-mini-code/acts/conflicting_lcbhard_74_e1	129315	173184
/home/darkstar/bluedot-unit2-impossiblebench/concealment-probe/data/north-mini-bigbatch/north-mini-code/tokens/oneoff_lcbhard_22_e1.txt	/home/darkstar/bluedot-unit2-impossiblebench/concealment-probe/data/north-mini-bigbatch/north-mini-code/acts/oneoff_lcbhard_22_e1	116635	173641
/home/darkstar/bluedot-unit2-impossiblebench/concealment-probe/data/north-mini-bigbatch/north-mini-code/tokens/conflicting_lcbhard_25_e1.txt	/home/darkstar/bluedot-unit2-impossiblebench/concealment-probe/data/north-mini-bigbatch/north-mini-code/acts/conflicting_lcbhard_25_e1	112084	176087
/home/darkstar/bluedot-unit2-impossiblebench/concealment-probe/data/north-mini-bigbatch/north-mini-code/tokens/oneoff_lcbhard_96_e1.txt	/home/darkstar/bluedot-unit2-impossiblebench/concealment-probe/data/north-mini-bigbatch/north-mini-code/acts/oneoff_lcbhard_96_e1	129701	181979
/home/darkstar/bluedot-unit2-impossiblebench/concealment-probe/data/north-mini-bigbatch/north-mini-code/tokens/oneoff_lcbhard_87_e1.txt	/home/darkstar/bluedot-unit2-impossiblebench/concealment-probe/data/north-mini-bigbatch/north-mini-code/acts/oneoff_lcbhard_87_e1	127800	183920
/home/darkstar/bluedot-unit2-impossiblebench/concealment-probe/data/north-mini-bigbatch/north-mini-code/tokens/oneoff_lcbhard_93_e1.txt	/home/darkstar/bluedot-unit2-impossiblebench/concealment-probe/data/north-mini-bigbatch/north-mini-code/acts/oneoff_lcbhard_93_e1	129919	184207
/home/darkstar/bluedot-unit2-impossiblebench/concealment-probe/data/north-mini-bigbatch/north-mini-code/tokens/oneoff_lcbhard_74_e1.txt	/home/darkstar/bluedot-unit2-impossiblebench/concealment-probe/data/north-mini-bigbatch/north-mini-code/acts/oneoff_lcbhard_74_e1	128021	184892
/home/darkstar/bluedot-unit2-impossiblebench/concealment-probe/data/north-mini-bigbatch/north-mini-code/tokens/conflicting_lcbhard_7_e1.txt	/home/darkstar/bluedot-unit2-impossiblebench/concealment-probe/data/north-mini-bigbatch/north-mini-code/acts/conflicting_lcbhard_7_e1	129573	185074
/home/darkstar/bluedot-unit2-impossiblebench/concealment-probe/data/north-mini-bigbatch/north-mini-code/tokens/conflicting_lcbhard_71_e1.txt	/home/darkstar/bluedot-unit2-impossiblebench/concealment-probe/data/north-mini-bigbatch/north-mini-code/acts/conflicting_lcbhard_71_e1	130590	188005
