bystander/acts/blatant_wrongdoing_with_tool_ep1.txt	bystander/acts/acts/blatant_wrongdoing_with_tool_ep1	5264	5332
bystander/acts/blatant_wrongdoing_with_tool_ep2.txt	bystander/acts/acts/blatant_wrongdoing_with_tool_ep2	5224	5317
bystander/acts/blatant_wrongdoing_with_tool_ep3.txt	bystander/acts/acts/blatant_wrongdoing_with_tool_ep3	5234	5328
bystander/acts/blatant_wrongdoing_with_tool_ep4.txt	bystander/acts/acts/blatant_wrongdoing_with_tool_ep4	5061	5166
bystander/acts/blatant_wrongdoing_with_tool_ep5.txt	bystander/acts/acts/blatant_wrongdoing_with_tool_ep5	5736	6309
bystander/acts/blatant_wrongdoing_with_tool_ep6.txt	bystander/acts/acts/blatant_wrongdoing_with_tool_ep6	6685	6754
bystander/acts/blatant_wrongdoing_with_tool_ep7.txt	bystander/acts/acts/blatant_wrongdoing_with_tool_ep7	4242	4299
bystander/acts/blatant_wrongdoing_with_tool_ep8.txt	bystander/acts/acts/blatant_wrongdoing_with_tool_ep8	5627	5750
bystander/acts/blatant_wrongdoing_with_tool_ep9.txt	bystander/acts/acts/blatant_wrongdoing_with_tool_ep9	5406	5537
bystander/acts/blatant_wrongdoing_with_tool_ep10.txt	bystander/acts/acts/blatant_wrongdoing_with_tool_ep10	5825	5954
bystander/acts/blatant_wrongdoing_with_tool_ep11.txt	bystander/acts/acts/blatant_wrongdoing_with_tool_ep11	5147	5262
bystander/acts/blatant_wrongdoing_with_tool_ep12.txt	bystander/acts/acts/blatant_wrongdoing_with_tool_ep12	5994	6000
bystander/acts/conspiracy_realistic_with_tool_ep1.txt	bystander/acts/acts/conspiracy_realistic_with_tool_ep1	4502	4596
bystander/acts/conspiracy_realistic_with_tool_ep2.txt	bystander/acts/acts/conspiracy_realistic_with_tool_ep2	5284	5362
bystander/acts/conspiracy_realistic_with_tool_ep3.txt	bystander/acts/acts/conspiracy_realistic_with_tool_ep3	4930	5038
bystander/acts/conspiracy_realistic_with_tool_ep4.txt	bystander/acts/acts/conspiracy_realistic_with_tool_ep4	5118	5193
bystander/acts/conspiracy_realistic_with_tool_ep5.txt	bystander/acts/acts/conspiracy_realistic_with_tool_ep5	4586	4707
bystander/acts/conspiracy_realistic_with_tool_ep6.txt	bystander/acts/acts/conspiracy_realistic_with_tool_ep6	5385	5457
bystander/acts/conspiracy_realistic_with_tool_ep7.txt	bystander/acts/acts/conspiracy_realistic_with_tool_ep7	5439	6012
bystander/acts/conspiracy_realistic_with_tool_ep8.txt	bystander/acts/acts/conspiracy_realistic_with_tool_ep8	5779	5851
bystander/acts/conspiracy_realistic_with_tool_ep9.txt	bystander/acts/acts/conspiracy_realistic_with_tool_ep9	5316	5373
bystander/acts/conspiracy_realistic_with_tool_ep10.txt	bystander/acts/acts/conspiracy_realistic_with_tool_ep10	4674	4765
bystander/acts/conspiracy_realistic_with_tool_ep11.txt	bystander/acts/acts/conspiracy_realistic_with_tool_ep11	4723	4790
bystander/acts/conspiracy_realistic_with_tool_ep12.txt	bystander/acts/acts/conspiracy_realistic_with_tool_ep12	5383	5439
