/home/darkstar/bluedot-unit2-impossiblebench/concealment-probe/data/north-mini/north-mini-code/tokens/oneoff_lcbhard_1_e1.txt	/home/darkstar/bluedot-unit2-impossiblebench/concealment-probe/data/north-mini/north-mini-code/acts/oneoff_lcbhard_1_e1	86481	124077
/home/darkstar/bluedot-unit2-impossiblebench/concealment-probe/data/north-mini/north-mini-code/tokens/oneoff_lcbhard_10_e1.txt	/home/darkstar/bluedot-unit2-impossiblebench/concealment-probe/data/north-mini/north-mini-code/acts/oneoff_lcbhard_10_e1	46832	50162
/home/darkstar/bluedot-unit2-impossiblebench/concealment-probe/data/north-mini/north-mini-code/tokens/oneoff_lcbhard_15_e1.txt	/home/darkstar/bluedot-unit2-impossiblebench/concealment-probe/data/north-mini/north-mini-code/acts/oneoff_lcbhard_15_e1	14322	30844
/home/darkstar/bluedot-unit2-impossiblebench/concealment-probe/data/north-mini/north-mini-code/tokens/oneoff_lcbhard_21_e1.txt	/home/darkstar/bluedot-unit2-impossiblebench/concealment-probe/data/north-mini/north-mini-code/acts/oneoff_lcbhard_21_e1	125665	179326
/home/darkstar/bluedot-unit2-impossiblebench/concealment-probe/data/north-mini/north-mini-code/tokens/oneoff_lcbhard_30_e1.txt	/home/darkstar/bluedot-unit2-impossiblebench/concealment-probe/data/north-mini/north-mini-code/acts/oneoff_lcbhard_30_e1	39487	62820
/home/darkstar/bluedot-unit2-impossiblebench/concealment-probe/data/north-mini/north-mini-code/tokens/oneoff_lcbhard_32_e1.txt	/home/darkstar/bluedot-unit2-impossiblebench/concealment-probe/data/north-mini/north-mini-code/acts/oneoff_lcbhard_32_e1	70657	94668
/home/darkstar/bluedot-unit2-impossiblebench/concealment-probe/data/north-mini/north-mini-code/tokens/oneoff_lcbhard_33_e1.txt	/home/darkstar/bluedot-unit2-impossiblebench/concealment-probe/data/north-mini/north-mini-code/acts/oneoff_lcbhard_33_e1	53782	63824
/home/darkstar/bluedot-unit2-impossiblebench/concealment-probe/data/north-mini/north-mini-code/tokens/oneoff_lcbhard_37_e1.txt	/home/darkstar/bluedot-unit2-impossiblebench/concealment-probe/data/north-mini/north-mini-code/acts/oneoff_lcbhard_37_e1	63370	114054
/home/darkstar/bluedot-unit2-impossiblebench/concealment-probe/data/north-mini/north-mini-code/tokens/oneoff_lcbhard_41_e1.txt	/home/darkstar/bluedot-unit2-impossiblebench/concealment-probe/data/north-mini/north-mini-code/acts/oneoff_lcbhard_41_e1	62914	82960
/home/darkstar/bluedot-unit2-impossiblebench/concealment-probe/data/north-mini/north-mini-code/tokens/oneoff_lcbhard_44_e1.txt	/home/darkstar/bluedot-unit2-impossiblebench/concealment-probe/data/north-mini/north-mini-code/acts/oneoff_lcbhard_44_e1	68610	99323
/home/darkstar/bluedot-unit2-impossiblebench/concealment-probe/data/north-mini/north-mini-code/tokens/oneoff_lcbhard_45_e1.txt	/home/darkstar/bluedot-unit2-impossiblebench/concealment-probe/data/north-mini/north-mini-code/acts/oneoff_lcbhard_45_e1	60597	114572
/home/darkstar/bluedot-unit2-impossiblebench/concealment-probe/data/north-mini/north-mini-code/tokens/oneoff_lcbhard_47_e1.txt	/home/darkstar/bluedot-unit2-impossiblebench/concealment-probe/data/north-mini/north-mini-code/acts/oneoff_lcbhard_47_e1	43917	86435
/home/darkstar/bluedot-unit2-impossiblebench/concealment-probe/data/north-mini/north-mini-code/tokens/oneoff_lcbhard_50_e1.txt	/home/darkstar/bluedot-unit2-impossiblebench/concealment-probe/data/north-mini/north-mini-code/acts/oneoff_lcbhard_50_e1	85702	149722
/home/darkstar/bluedot-unit2-impossiblebench/concealment-probe/data/north-mini/north-mini-code/tokens/oneoff_lcbhard_55_e1.txt	/home/darkstar/bluedot-unit2-impossiblebench/concealment-probe/data/north-mini/north-mini-code/acts/oneoff_lcbhard_55_e1	39756	81720
/home/darkstar/bluedot-unit2-impossiblebench/concealment-probe/data/north-mini/north-mini-code/tokens/oneoff_lcbhard_56_e1.txt	/home/darkstar/bluedot-unit2-impossiblebench/concealment-probe/data/north-mini/north-mini-code/acts/oneoff_lcbhard_56_e1	89691	153293
/home/darkstar/bluedot-unit2-impossiblebench/concealment-probe/data/north-mini/north-mini-code/tokens/oneoff_lcbhard_58_e1.txt	/home/darkstar/bluedot-unit2-impossiblebench/concealment-probe/data/north-mini/north-mini-code/acts/oneoff_lcbhard_58_e1	106395	153399
/home/darkstar/bluedot-unit2-impossiblebench/concealment-probe/data/north-mini/north-mini-code/tokens/oneoff_lcbhard_65_e1.txt	/home/darkstar/bluedot-unit2-impossiblebench/concealment-probe/data/north-mini/north-mini-code/acts/oneoff_lcbhard_65_e1	92862	136548
/home/darkstar/bluedot-unit2-impossiblebench/concealment-probe/data/north-mini/north-mini-code/tokens/oneoff_lcbhard_66_e1.txt	/home/darkstar/bluedot-unit2-impossiblebench/concealment-probe/data/north-mini/north-mini-code/acts/oneoff_lcbhard_66_e1	35268	55942
/home/darkstar/bluedot-unit2-impossiblebench/concealment-probe/data/north-mini/north-mini-code/tokens/oneoff_lcbhard_67_e1.txt	/home/darkstar/bluedot-unit2-impossiblebench/concealment-probe/data/north-mini/north-mini-code/acts/oneoff_lcbhard_67_e1	70295	115974
/home/darkstar/bluedot-unit2-impossiblebench/concealment-probe/data/north-mini/north-mini-code/tokens/oneoff_lcbhard_72_e1.txt	/home/darkstar/bluedot-unit2-impossiblebench/concealment-probe/data/north-mini/north-mini-code/acts/oneoff_lcbhard_72_e1	64920	95375
/home/darkstar/bluedot-unit2-impossiblebench/concealment-probe/data/north-mini/north-mini-code/tokens/oneoff_lcbhard_78_e1.txt	/home/darkstar/bluedot-unit2-impossiblebench/concealment-probe/data/north-mini/north-mini-code/acts/oneoff_lcbhard_78_e1	91611	116773
/home/darkstar/bluedot-unit2-impossiblebench/concealment-probe/data/north-mini/north-mini-code/tokens/oneoff_lcbhard_8_e1.txt	/home/darkstar/bluedot-unit2-impossiblebench/concealment-probe/data/north-mini/north-mini-code/acts/oneoff_lcbhard_8_e1	56859	61074
/home/darkstar/bluedot-unit2-impossiblebench/concealment-probe/data/north-mini/north-mini-code/tokens/oneoff_lcbhard_80_e1.txt	/home/darkstar/bluedot-unit2-impossiblebench/concealment-probe/data/north-mini/north-mini-code/acts/oneoff_lcbhard_80_e1	69183	70906
/home/darkstar/bluedot-unit2-impossiblebench/concealment-probe/data/north-mini/north-mini-code/tokens/oneoff_lcbhard_82_e1.txt	/home/darkstar/bluedot-unit2-impossiblebench/concealment-probe/data/north-mini/north-mini-code/acts/oneoff_lcbhard_82_e1	121428	155496
/home/darkstar/bluedot-unit2-impossiblebench/concealment-probe/data/north-mini/north-mini-code/tokens/oneoff_lcbhard_9_e1.txt	/home/darkstar/bluedot-unit2-impossiblebench/concealment-probe/data/north-mini/north-mini-code/acts/oneoff_lcbhard_9_e1	89260	152549
/home/darkstar/bluedot-unit2-impossiblebench/concealment-probe/data/north-mini/north-mini-code/tokens/conflicting_lcbhard_1_e1.txt	/home/darkstar/bluedot-unit2-impossiblebench/concealment-probe/data/north-mini/north-mini-code/acts/conflicting_lcbhard_1_e1	67567	107330
/home/darkstar/bluedot-unit2-impossiblebench/concealment-probe/data/north-mini/north-mini-code/tokens/conflicting_lcbhard_15_e1.txt	/home/darkstar/bluedot-unit2-impossiblebench/concealment-probe/data/north-mini/north-mini-code/acts/conflicting_lcbhard_15_e1	23947	33506
/home/darkstar/bluedot-unit2-impossiblebench/concealment-probe/data/north-mini/north-mini-code/tokens/conflicting_lcbhard_21_e1.txt	/home/darkstar/bluedot-unit2-impossiblebench/concealment-probe/data/north-mini/north-mini-code/acts/conflicting_lcbhard_21_e1	129103	131163
/home/darkstar/bluedot-unit2-impossiblebench/concealment-probe/data/north-mini/north-mini-code/tokens/conflicting_lcbhard_30_e1.txt	/home/darkstar/bluedot-unit2-impossiblebench/concealment-probe/data/north-mini/north-mini-code/acts/conflicting_lcbhard_30_e1	66040	96099
/home/darkstar/bluedot-unit2-impossiblebench/concealment-probe/data/north-mini/north-mini-code/tokens/conflicting_lcbhard_32_e1.txt	/home/darkstar/bluedot-unit2-impossiblebench/concealment-probe/data/north-mini/north-mini-code/acts/conflicting_lcbhard_32_e1	53477	84955
/home/darkstar/bluedot-unit2-impossiblebench/concealment-probe/data/north-mini/north-mini-code/tokens/conflicting_lcbhard_33_e1.txt	/home/darkstar/bluedot-unit2-impossiblebench/concealment-probe/data/north-mini/north-mini-code/acts/conflicting_lcbhard_33_e1	56651	60869
/home/darkstar/bluedot-unit2-impossiblebench/concealment-probe/data/north-mini/north-mini-code/tokens/conflicting_lcbhard_37_e1.txt	/home/darkstar/bluedot-unit2-impossiblebench/concealment-probe/data/north-mini/north-mini-code/acts/conflicting_lcbhard_37_e1	106060	140209
/home/darkstar/bluedot-unit2-impossiblebench/concealment-probe/data/north-mini/north-mini-code/tokens/conflicting_lcbhard_41_e1.txt	/home/darkstar/bluedot-unit2-impossiblebench/concealment-probe/data/north-mini/north-mini-code/acts/conflicting_lcbhard_41_e1	40212	58736
/home/darkstar/bluedot-unit2-impossiblebench/concealment-probe/data/north-mini/north-mini-code/tokens/conflicting_lcbhard_44_e1.txt	/home/darkstar/bluedot-unit2-impossiblebench/concealment-probe/data/north-mini/north-mini-code/acts/conflicting_lcbhard_44_e1	72211	100653
/home/darkstar/bluedot-unit2-impossiblebench/concealment-probe/data/north-mini/north-mini-code/tokens/conflicting_lcbhard_45_e1.txt	/home/darkstar/bluedot-unit2-impossiblebench/concealment-probe/data/north-mini/north-mini-code/acts/conflicting_lcbhard_45_e1	114216	134817
/home/darkstar/bluedot-unit2-impossiblebench/concealment-probe/data/north-mini/north-mini-code/tokens/conflicting_lcbhard_47_e1.txt	/home/darkstar/bluedot-unit2-impossiblebench/concealment-probe/data/north-mini/north-mini-code/acts/conflicting_lcbhard_47_e1	47234	82484
/home/darkstar/bluedot-unit2-impossiblebench/concealment-probe/data/north-mini/north-mini-code/tokens/conflicting_lcbhard_50_e1.txt	/home/darkstar/bluedot-unit2-impossiblebench/concealment-probe/data/north-mini/north-mini-code/acts/conflicting_lcbhard_50_e1	3423	43183
/home/darkstar/bluedot-unit2-impossiblebench/concealment-probe/data/north-mini/north-mini-code/tokens/conflicting_lcbhard_55_e1.txt	/home/darkstar/bluedot-unit2-impossiblebench/concealment-probe/data/north-mini/north-mini-code/acts/conflicting_lcbhard_55_e1	95522	142224
/home/darkstar/bluedot-unit2-impossiblebench/concealment-probe/data/north-mini/north-mini-code/tokens/conflicting_lcbhard_56_e1.txt	/home/darkstar/bluedot-unit2-impossiblebench/concealment-probe/data/north-mini/north-mini-code/acts/conflicting_lcbhard_56_e1	75695	111554
/home/darkstar/bluedot-unit2-impossiblebench/concealment-probe/data/north-mini/north-mini-code/tokens/conflicting_lcbhard_58_e1.txt	/home/darkstar/bluedot-unit2-impossiblebench/concealment-probe/data/north-mini/north-mini-code/acts/conflicting_lcbhard_58_e1	96048	131539
/home/darkstar/bluedot-unit2-impossiblebench/concealment-probe/data/north-mini/north-mini-code/tokens/conflicting_lcbhard_65_e1.txt	/home/darkstar/bluedot-unit2-impossiblebench/concealment-probe/data/north-mini/north-mini-code/acts/conflicting_lcbhard_65_e1	58195	118677
/home/darkstar/bluedot-unit2-impossiblebench/concealment-probe/data/north-mini/north-mini-code/tokens/conflicting_lcbhard_66_e1.txt	/home/darkstar/bluedot-unit2-impossiblebench/concealment-probe/data/north-mini/north-mini-code/acts/conflicting_lcbhard_66_e1	1314	26535
/home/darkstar/bluedot-unit2-impossiblebench/concealment-probe/data/north-mini/north-mini-code/tokens/conflicting_lcbhard_67_e1.txt	/home/darkstar/bluedot-unit2-impossiblebench/concealment-probe/data/north-mini/north-mini-code/acts/conflicting_lcbhard_67_e1	104999	134216
/home/darkstar/bluedot-unit2-impossiblebench/concealment-probe/data/north-mini/north-mini-code/tokens/conflicting_lcbhard_72_e1.txt	/home/darkstar/bluedot-unit2-impossiblebench/concealment-probe/data/north-mini/north-mini-code/acts/conflicting_lcbhard_72_e1	42789	60766
/home/darkstar/bluedot-unit2-impossiblebench/concealment-probe/data/north-mini/north-mini-code/tokens/conflicting_lcbhard_78_e1.txt	/home/darkstar/bluedot-unit2-impossiblebench/concealment-probe/data/north-mini/north-mini-code/acts/conflicting_lcbhard_78_e1	71330	135330
/home/darkstar/bluedot-unit2-impossiblebench/concealment-probe/data/north-mini/north-mini-code/tokens/conflicting_lcbhard_8_e1.txt	/home/darkstar/bluedot-unit2-impossiblebench/concealment-probe/data/north-mini/north-mini-code/acts/conflicting_lcbhard_8_e1	51794	75002
/home/darkstar/bluedot-unit2-impossiblebench/concealment-probe/data/north-mini/north-mini-code/tokens/conflicting_lcbhard_80_e1.txt	/home/darkstar/bluedot-unit2-impossiblebench/concealment-probe/data/north-mini/north-mini-code/acts/conflicting_lcbhard_80_e1	3111	19151
/home/darkstar/bluedot-unit2-impossiblebench/concealment-probe/data/north-mini/north-mini-code/tokens/conflicting_lcbhard_82_e1.txt	/home/darkstar/bluedot-unit2-impossiblebench/concealment-probe/data/north-mini/north-mini-code/acts/conflicting_lcbhard_82_e1	130430	168112
/home/darkstar/bluedot-unit2-impossiblebench/concealment-probe/data/north-mini/north-mini-code/tokens/conflicting_lcbhard_9_e1.txt	/home/darkstar/bluedot-unit2-impossiblebench/concealment-probe/data/north-mini/north-mini-code/acts/conflicting_lcbhard_9_e1	97989	121912
/home/darkstar/bluedot-unit2-impossiblebench/concealment-probe/data/north-mini/north-mini-code/tokens/original_lcbhard_1_e1.txt	/home/darkstar/bluedot-unit2-impossiblebench/concealment-probe/data/north-mini/north-mini-code/acts/original_lcbhard_1_e1	27949	48090
/home/darkstar/bluedot-unit2-impossiblebench/concealment-probe/data/north-mini/north-mini-code/tokens/original_lcbhard_10_e1.txt	/home/darkstar/bluedot-unit2-impossiblebench/concealment-probe/data/north-mini/north-mini-code/acts/original_lcbhard_10_e1	53320	76562
/home/darkstar/bluedot-unit2-impossiblebench/concealment-probe/data/north-mini/north-mini-code/tokens/original_lcbhard_15_e1.txt	/home/darkstar/bluedot-unit2-impossiblebench/concealment-probe/data/north-mini/north-mini-code/acts/original_lcbhard_15_e1	685	6535
/home/darkstar/bluedot-unit2-impossiblebench/concealment-probe/data/north-mini/north-mini-code/tokens/original_lcbhard_41_e1.txt	/home/darkstar/bluedot-unit2-impossiblebench/concealment-probe/data/north-mini/north-mini-code/acts/original_lcbhard_41_e1	2172	65760
/home/darkstar/bluedot-unit2-impossiblebench/concealment-probe/data/north-mini/north-mini-code/tokens/original_lcbhard_47_e1.txt	/home/darkstar/bluedot-unit2-impossiblebench/concealment-probe/data/north-mini/north-mini-code/acts/original_lcbhard_47_e1	1706	12140
/home/darkstar/bluedot-unit2-impossiblebench/concealment-probe/data/north-mini/north-mini-code/tokens/original_lcbhard_58_e1.txt	/home/darkstar/bluedot-unit2-impossiblebench/concealment-probe/data/north-mini/north-mini-code/acts/original_lcbhard_58_e1	1990	38829
/home/darkstar/bluedot-unit2-impossiblebench/concealment-probe/data/north-mini/north-mini-code/tokens/original_lcbhard_67_e1.txt	/home/darkstar/bluedot-unit2-impossiblebench/concealment-probe/data/north-mini/north-mini-code/acts/original_lcbhard_67_e1	1931	35722
/home/darkstar/bluedot-unit2-impossiblebench/concealment-probe/data/north-mini/north-mini-code/tokens/original_lcbhard_72_e1.txt	/home/darkstar/bluedot-unit2-impossiblebench/concealment-probe/data/north-mini/north-mini-code/acts/original_lcbhard_72_e1	64991	83960
/home/darkstar/bluedot-unit2-impossiblebench/concealment-probe/data/north-mini/north-mini-code/tokens/original_lcbhard_78_e1.txt	/home/darkstar/bluedot-unit2-impossiblebench/concealment-probe/data/north-mini/north-mini-code/acts/original_lcbhard_78_e1	1587	16415
/home/darkstar/bluedot-unit2-impossiblebench/concealment-probe/data/north-mini/north-mini-code/tokens/original_lcbhard_80_e1.txt	/home/darkstar/bluedot-unit2-impossiblebench/concealment-probe/data/north-mini/north-mini-code/acts/original_lcbhard_80_e1	3098	19351
/home/darkstar/bluedot-unit2-impossiblebench/concealment-probe/data/north-mini/north-mini-code/tokens/original_lcbhard_82_e1.txt	/home/darkstar/bluedot-unit2-impossiblebench/concealment-probe/data/north-mini/north-mini-code/acts/original_lcbhard_82_e1	130394	172116
/home/darkstar/bluedot-unit2-impossiblebench/concealment-probe/data/north-mini/north-mini-code/tokens/original_lcbhard_9_e1.txt	/home/darkstar/bluedot-unit2-impossiblebench/concealment-probe/data/north-mini/north-mini-code/acts/original_lcbhard_9_e1	708	21224
