/home/darkstar/bluedot-unit2-impossiblebench/concealment-probe/data/gemma27b/gemma3-27b/tokens/oneoff_lcbhard_1_e1.txt	/home/darkstar/bluedot-unit2-impossiblebench/concealment-probe/data/gemma27b/gemma3-27b/acts/oneoff_lcbhard_1_e1	1997	2371
/home/darkstar/bluedot-unit2-impossiblebench/concealment-probe/data/gemma27b/gemma3-27b/tokens/oneoff_lcbhard_10_e1.txt	/home/darkstar/bluedot-unit2-impossiblebench/concealment-probe/data/gemma27b/gemma3-27b/acts/oneoff_lcbhard_10_e1	4641	5217
/home/darkstar/bluedot-unit2-impossiblebench/concealment-probe/data/gemma27b/gemma3-27b/tokens/oneoff_lcbhard_15_e1.txt	/home/darkstar/bluedot-unit2-impossiblebench/concealment-probe/data/gemma27b/gemma3-27b/acts/oneoff_lcbhard_15_e1	1591	1899
/home/darkstar/bluedot-unit2-impossiblebench/concealment-probe/data/gemma27b/gemma3-27b/tokens/oneoff_lcbhard_21_e1.txt	/home/darkstar/bluedot-unit2-impossiblebench/concealment-probe/data/gemma27b/gemma3-27b/acts/oneoff_lcbhard_21_e1	1868	3455
/home/darkstar/bluedot-unit2-impossiblebench/concealment-probe/data/gemma27b/gemma3-27b/tokens/oneoff_lcbhard_30_e1.txt	/home/darkstar/bluedot-unit2-impossiblebench/concealment-probe/data/gemma27b/gemma3-27b/acts/oneoff_lcbhard_30_e1	2660	3381
/home/darkstar/bluedot-unit2-impossiblebench/concealment-probe/data/gemma27b/gemma3-27b/tokens/oneoff_lcbhard_32_e1.txt	/home/darkstar/bluedot-unit2-impossiblebench/concealment-probe/data/gemma27b/gemma3-27b/acts/oneoff_lcbhard_32_e1	5110	5465
/home/darkstar/bluedot-unit2-impossiblebench/concealment-probe/data/gemma27b/gemma3-27b/tokens/oneoff_lcbhard_33_e1.txt	/home/darkstar/bluedot-unit2-impossiblebench/concealment-probe/data/gemma27b/gemma3-27b/acts/oneoff_lcbhard_33_e1	2629	3303
/home/darkstar/bluedot-unit2-impossiblebench/concealment-probe/data/gemma27b/gemma3-27b/tokens/oneoff_lcbhard_37_e1.txt	/home/darkstar/bluedot-unit2-impossiblebench/concealment-probe/data/gemma27b/gemma3-27b/acts/oneoff_lcbhard_37_e1	1873	2359
/home/darkstar/bluedot-unit2-impossiblebench/concealment-probe/data/gemma27b/gemma3-27b/tokens/oneoff_lcbhard_41_e1.txt	/home/darkstar/bluedot-unit2-impossiblebench/concealment-probe/data/gemma27b/gemma3-27b/acts/oneoff_lcbhard_41_e1	5169	5826
/home/darkstar/bluedot-unit2-impossiblebench/concealment-probe/data/gemma27b/gemma3-27b/tokens/oneoff_lcbhard_44_e1.txt	/home/darkstar/bluedot-unit2-impossiblebench/concealment-probe/data/gemma27b/gemma3-27b/acts/oneoff_lcbhard_44_e1	2486	2966
/home/darkstar/bluedot-unit2-impossiblebench/concealment-probe/data/gemma27b/gemma3-27b/tokens/oneoff_lcbhard_45_e1.txt	/home/darkstar/bluedot-unit2-impossiblebench/concealment-probe/data/gemma27b/gemma3-27b/acts/oneoff_lcbhard_45_e1	4765	5516
/home/darkstar/bluedot-unit2-impossiblebench/concealment-probe/data/gemma27b/gemma3-27b/tokens/oneoff_lcbhard_47_e1.txt	/home/darkstar/bluedot-unit2-impossiblebench/concealment-probe/data/gemma27b/gemma3-27b/acts/oneoff_lcbhard_47_e1	3119	3489
/home/darkstar/bluedot-unit2-impossiblebench/concealment-probe/data/gemma27b/gemma3-27b/tokens/oneoff_lcbhard_50_e1.txt	/home/darkstar/bluedot-unit2-impossiblebench/concealment-probe/data/gemma27b/gemma3-27b/acts/oneoff_lcbhard_50_e1	4923	5426
/home/darkstar/bluedot-unit2-impossiblebench/concealment-probe/data/gemma27b/gemma3-27b/tokens/oneoff_lcbhard_55_e1.txt	/home/darkstar/bluedot-unit2-impossiblebench/concealment-probe/data/gemma27b/gemma3-27b/acts/oneoff_lcbhard_55_e1	5513	5884
/home/darkstar/bluedot-unit2-impossiblebench/concealment-probe/data/gemma27b/gemma3-27b/tokens/oneoff_lcbhard_56_e1.txt	/home/darkstar/bluedot-unit2-impossiblebench/concealment-probe/data/gemma27b/gemma3-27b/acts/oneoff_lcbhard_56_e1	4568	5325
/home/darkstar/bluedot-unit2-impossiblebench/concealment-probe/data/gemma27b/gemma3-27b/tokens/oneoff_lcbhard_58_e1.txt	/home/darkstar/bluedot-unit2-impossiblebench/concealment-probe/data/gemma27b/gemma3-27b/acts/oneoff_lcbhard_58_e1	5748	6331
/home/darkstar/bluedot-unit2-impossiblebench/concealment-probe/data/gemma27b/gemma3-27b/tokens/oneoff_lcbhard_65_e1.txt	/home/darkstar/bluedot-unit2-impossiblebench/concealment-probe/data/gemma27b/gemma3-27b/acts/oneoff_lcbhard_65_e1	2803	3495
/home/darkstar/bluedot-unit2-impossiblebench/concealment-probe/data/gemma27b/gemma3-27b/tokens/oneoff_lcbhard_66_e1.txt	/home/darkstar/bluedot-unit2-impossiblebench/concealment-probe/data/gemma27b/gemma3-27b/acts/oneoff_lcbhard_66_e1	2851	3427
/home/darkstar/bluedot-unit2-impossiblebench/concealment-probe/data/gemma27b/gemma3-27b/tokens/oneoff_lcbhard_67_e1.txt	/home/darkstar/bluedot-unit2-impossiblebench/concealment-probe/data/gemma27b/gemma3-27b/acts/oneoff_lcbhard_67_e1	4360	5096
/home/darkstar/bluedot-unit2-impossiblebench/concealment-probe/data/gemma27b/gemma3-27b/tokens/oneoff_lcbhard_72_e1.txt	/home/darkstar/bluedot-unit2-impossiblebench/concealment-probe/data/gemma27b/gemma3-27b/acts/oneoff_lcbhard_72_e1	2835	3264
/home/darkstar/bluedot-unit2-impossiblebench/concealment-probe/data/gemma27b/gemma3-27b/tokens/oneoff_lcbhard_78_e1.txt	/home/darkstar/bluedot-unit2-impossiblebench/concealment-probe/data/gemma27b/gemma3-27b/acts/oneoff_lcbhard_78_e1	3587	4116
/home/darkstar/bluedot-unit2-impossiblebench/concealment-probe/data/gemma27b/gemma3-27b/tokens/oneoff_lcbhard_8_e1.txt	/home/darkstar/bluedot-unit2-impossiblebench/concealment-probe/data/gemma27b/gemma3-27b/acts/oneoff_lcbhard_8_e1	2373	2726
/home/darkstar/bluedot-unit2-impossiblebench/concealment-probe/data/gemma27b/gemma3-27b/tokens/oneoff_lcbhard_80_e1.txt	/home/darkstar/bluedot-unit2-impossiblebench/concealment-probe/data/gemma27b/gemma3-27b/acts/oneoff_lcbhard_80_e1	9072	9494
/home/darkstar/bluedot-unit2-impossiblebench/concealment-probe/data/gemma27b/gemma3-27b/tokens/oneoff_lcbhard_82_e1.txt	/home/darkstar/bluedot-unit2-impossiblebench/concealment-probe/data/gemma27b/gemma3-27b/acts/oneoff_lcbhard_82_e1	4125	4752
/home/darkstar/bluedot-unit2-impossiblebench/concealment-probe/data/gemma27b/gemma3-27b/tokens/oneoff_lcbhard_9_e1.txt	/home/darkstar/bluedot-unit2-impossiblebench/concealment-probe/data/gemma27b/gemma3-27b/acts/oneoff_lcbhard_9_e1	778	1720
/home/darkstar/bluedot-unit2-impossiblebench/concealment-probe/data/gemma27b/gemma3-27b/tokens/conflicting_lcbhard_1_e1.txt	/home/darkstar/bluedot-unit2-impossiblebench/concealment-probe/data/gemma27b/gemma3-27b/acts/conflicting_lcbhard_1_e1	1862	2256
/home/darkstar/bluedot-unit2-impossiblebench/concealment-probe/data/gemma27b/gemma3-27b/tokens/conflicting_lcbhard_10_e1.txt	/home/darkstar/bluedot-unit2-impossiblebench/concealment-probe/data/gemma27b/gemma3-27b/acts/conflicting_lcbhard_10_e1	4884	5457
/home/darkstar/bluedot-unit2-impossiblebench/concealment-probe/data/gemma27b/gemma3-27b/tokens/conflicting_lcbhard_15_e1.txt	/home/darkstar/bluedot-unit2-impossiblebench/concealment-probe/data/gemma27b/gemma3-27b/acts/conflicting_lcbhard_15_e1	1635	1943
/home/darkstar/bluedot-unit2-impossiblebench/concealment-probe/data/gemma27b/gemma3-27b/tokens/conflicting_lcbhard_21_e1.txt	/home/darkstar/bluedot-unit2-impossiblebench/concealment-probe/data/gemma27b/gemma3-27b/acts/conflicting_lcbhard_21_e1	2504	2835
/home/darkstar/bluedot-unit2-impossiblebench/concealment-probe/data/gemma27b/gemma3-27b/tokens/conflicting_lcbhard_30_e1.txt	/home/darkstar/bluedot-unit2-impossiblebench/concealment-probe/data/gemma27b/gemma3-27b/acts/conflicting_lcbhard_30_e1	2732	3425
/home/darkstar/bluedot-unit2-impossiblebench/concealment-probe/data/gemma27b/gemma3-27b/tokens/conflicting_lcbhard_32_e1.txt	/home/darkstar/bluedot-unit2-impossiblebench/concealment-probe/data/gemma27b/gemma3-27b/acts/conflicting_lcbhard_32_e1	5123	5484
/home/darkstar/bluedot-unit2-impossiblebench/concealment-probe/data/gemma27b/gemma3-27b/tokens/conflicting_lcbhard_33_e1.txt	/home/darkstar/bluedot-unit2-impossiblebench/concealment-probe/data/gemma27b/gemma3-27b/acts/conflicting_lcbhard_33_e1	2875	3616
/home/darkstar/bluedot-unit2-impossiblebench/concealment-probe/data/gemma27b/gemma3-27b/tokens/conflicting_lcbhard_37_e1.txt	/home/darkstar/bluedot-unit2-impossiblebench/concealment-probe/data/gemma27b/gemma3-27b/acts/conflicting_lcbhard_37_e1	1881	2361
/home/darkstar/bluedot-unit2-impossiblebench/concealment-probe/data/gemma27b/gemma3-27b/tokens/conflicting_lcbhard_41_e1.txt	/home/darkstar/bluedot-unit2-impossiblebench/concealment-probe/data/gemma27b/gemma3-27b/acts/conflicting_lcbhard_41_e1	5102	5759
/home/darkstar/bluedot-unit2-impossiblebench/concealment-probe/data/gemma27b/gemma3-27b/tokens/conflicting_lcbhard_44_e1.txt	/home/darkstar/bluedot-unit2-impossiblebench/concealment-probe/data/gemma27b/gemma3-27b/acts/conflicting_lcbhard_44_e1	2820	3381
/home/darkstar/bluedot-unit2-impossiblebench/concealment-probe/data/gemma27b/gemma3-27b/tokens/conflicting_lcbhard_45_e1.txt	/home/darkstar/bluedot-unit2-impossiblebench/concealment-probe/data/gemma27b/gemma3-27b/acts/conflicting_lcbhard_45_e1	4880	5621
/home/darkstar/bluedot-unit2-impossiblebench/concealment-probe/data/gemma27b/gemma3-27b/tokens/conflicting_lcbhard_47_e1.txt	/home/darkstar/bluedot-unit2-impossiblebench/concealment-probe/data/gemma27b/gemma3-27b/acts/conflicting_lcbhard_47_e1	3116	3559
/home/darkstar/bluedot-unit2-impossiblebench/concealment-probe/data/gemma27b/gemma3-27b/tokens/conflicting_lcbhard_50_e1.txt	/home/darkstar/bluedot-unit2-impossiblebench/concealment-probe/data/gemma27b/gemma3-27b/acts/conflicting_lcbhard_50_e1	4910	5518
/home/darkstar/bluedot-unit2-impossiblebench/concealment-probe/data/gemma27b/gemma3-27b/tokens/conflicting_lcbhard_55_e1.txt	/home/darkstar/bluedot-unit2-impossiblebench/concealment-probe/data/gemma27b/gemma3-27b/acts/conflicting_lcbhard_55_e1	5730	6125
/home/darkstar/bluedot-unit2-impossiblebench/concealment-probe/data/gemma27b/gemma3-27b/tokens/conflicting_lcbhard_56_e1.txt	/home/darkstar/bluedot-unit2-impossiblebench/concealment-probe/data/gemma27b/gemma3-27b/acts/conflicting_lcbhard_56_e1	5071	5867
/home/darkstar/bluedot-unit2-impossiblebench/concealment-probe/data/gemma27b/gemma3-27b/tokens/conflicting_lcbhard_58_e1.txt	/home/darkstar/bluedot-unit2-impossiblebench/concealment-probe/data/gemma27b/gemma3-27b/acts/conflicting_lcbhard_58_e1	5471	6087
/home/darkstar/bluedot-unit2-impossiblebench/concealment-probe/data/gemma27b/gemma3-27b/tokens/conflicting_lcbhard_65_e1.txt	/home/darkstar/bluedot-unit2-impossiblebench/concealment-probe/data/gemma27b/gemma3-27b/acts/conflicting_lcbhard_65_e1	2858	3589
/home/darkstar/bluedot-unit2-impossiblebench/concealment-probe/data/gemma27b/gemma3-27b/tokens/conflicting_lcbhard_66_e1.txt	/home/darkstar/bluedot-unit2-impossiblebench/concealment-probe/data/gemma27b/gemma3-27b/acts/conflicting_lcbhard_66_e1	2906	3485
/home/darkstar/bluedot-unit2-impossiblebench/concealment-probe/data/gemma27b/gemma3-27b/tokens/conflicting_lcbhard_67_e1.txt	/home/darkstar/bluedot-unit2-impossiblebench/concealment-probe/data/gemma27b/gemma3-27b/acts/conflicting_lcbhard_67_e1	4701	5421
/home/darkstar/bluedot-unit2-impossiblebench/concealment-probe/data/gemma27b/gemma3-27b/tokens/conflicting_lcbhard_72_e1.txt	/home/darkstar/bluedot-unit2-impossiblebench/concealment-probe/data/gemma27b/gemma3-27b/acts/conflicting_lcbhard_72_e1	2705	3134
/home/darkstar/bluedot-unit2-impossiblebench/concealment-probe/data/gemma27b/gemma3-27b/tokens/conflicting_lcbhard_78_e1.txt	/home/darkstar/bluedot-unit2-impossiblebench/concealment-probe/data/gemma27b/gemma3-27b/acts/conflicting_lcbhard_78_e1	3460	3877
/home/darkstar/bluedot-unit2-impossiblebench/concealment-probe/data/gemma27b/gemma3-27b/tokens/conflicting_lcbhard_8_e1.txt	/home/darkstar/bluedot-unit2-impossiblebench/concealment-probe/data/gemma27b/gemma3-27b/acts/conflicting_lcbhard_8_e1	2392	2850
/home/darkstar/bluedot-unit2-impossiblebench/concealment-probe/data/gemma27b/gemma3-27b/tokens/conflicting_lcbhard_80_e1.txt	/home/darkstar/bluedot-unit2-impossiblebench/concealment-probe/data/gemma27b/gemma3-27b/acts/conflicting_lcbhard_80_e1	9071	9492
/home/darkstar/bluedot-unit2-impossiblebench/concealment-probe/data/gemma27b/gemma3-27b/tokens/conflicting_lcbhard_82_e1.txt	/home/darkstar/bluedot-unit2-impossiblebench/concealment-probe/data/gemma27b/gemma3-27b/acts/conflicting_lcbhard_82_e1	4192	4819
/home/darkstar/bluedot-unit2-impossiblebench/concealment-probe/data/gemma27b/gemma3-27b/tokens/conflicting_lcbhard_9_e1.txt	/home/darkstar/bluedot-unit2-impossiblebench/concealment-probe/data/gemma27b/gemma3-27b/acts/conflicting_lcbhard_9_e1	2127	2640
/home/darkstar/bluedot-unit2-impossiblebench/concealment-probe/data/gemma27b/gemma3-27b/tokens/original_lcbhard_1_e1.txt	/home/darkstar/bluedot-unit2-impossiblebench/concealment-probe/data/gemma27b/gemma3-27b/acts/original_lcbhard_1_e1	1319	1686
/home/darkstar/bluedot-unit2-impossiblebench/concealment-probe/data/gemma27b/gemma3-27b/tokens/original_lcbhard_10_e1.txt	/home/darkstar/bluedot-unit2-impossiblebench/concealment-probe/data/gemma27b/gemma3-27b/acts/original_lcbhard_10_e1	3936	4552
/home/darkstar/bluedot-unit2-impossiblebench/concealment-probe/data/gemma27b/gemma3-27b/tokens/original_lcbhard_15_e1.txt	/home/darkstar/bluedot-unit2-impossiblebench/concealment-probe/data/gemma27b/gemma3-27b/acts/original_lcbhard_15_e1	633	941
/home/darkstar/bluedot-unit2-impossiblebench/concealment-probe/data/gemma27b/gemma3-27b/tokens/original_lcbhard_41_e1.txt	/home/darkstar/bluedot-unit2-impossiblebench/concealment-probe/data/gemma27b/gemma3-27b/acts/original_lcbhard_41_e1	4186	4841
/home/darkstar/bluedot-unit2-impossiblebench/concealment-probe/data/gemma27b/gemma3-27b/tokens/original_lcbhard_47_e1.txt	/home/darkstar/bluedot-unit2-impossiblebench/concealment-probe/data/gemma27b/gemma3-27b/acts/original_lcbhard_47_e1	2413	2943
/home/darkstar/bluedot-unit2-impossiblebench/concealment-probe/data/gemma27b/gemma3-27b/tokens/original_lcbhard_58_e1.txt	/home/darkstar/bluedot-unit2-impossiblebench/concealment-probe/data/gemma27b/gemma3-27b/acts/original_lcbhard_58_e1	4553	5144
/home/darkstar/bluedot-unit2-impossiblebench/concealment-probe/data/gemma27b/gemma3-27b/tokens/original_lcbhard_67_e1.txt	/home/darkstar/bluedot-unit2-impossiblebench/concealment-probe/data/gemma27b/gemma3-27b/acts/original_lcbhard_67_e1	3481	4301
/home/darkstar/bluedot-unit2-impossiblebench/concealment-probe/data/gemma27b/gemma3-27b/tokens/original_lcbhard_72_e1.txt	/home/darkstar/bluedot-unit2-impossiblebench/concealment-probe/data/gemma27b/gemma3-27b/acts/original_lcbhard_72_e1	1429	1858
/home/darkstar/bluedot-unit2-impossiblebench/concealment-probe/data/gemma27b/gemma3-27b/tokens/original_lcbhard_78_e1.txt	/home/darkstar/bluedot-unit2-impossiblebench/concealment-probe/data/gemma27b/gemma3-27b/acts/original_lcbhard_78_e1	2761	3178
/home/darkstar/bluedot-unit2-impossiblebench/concealment-probe/data/gemma27b/gemma3-27b/tokens/original_lcbhard_80_e1.txt	/home/darkstar/bluedot-unit2-impossiblebench/concealment-probe/data/gemma27b/gemma3-27b/acts/original_lcbhard_80_e1	8434	8870
/home/darkstar/bluedot-unit2-impossiblebench/concealment-probe/data/gemma27b/gemma3-27b/tokens/original_lcbhard_82_e1.txt	/home/darkstar/bluedot-unit2-impossiblebench/concealment-probe/data/gemma27b/gemma3-27b/acts/original_lcbhard_82_e1	3236	3844
/home/darkstar/bluedot-unit2-impossiblebench/concealment-probe/data/gemma27b/gemma3-27b/tokens/original_lcbhard_9_e1.txt	/home/darkstar/bluedot-unit2-impossiblebench/concealment-probe/data/gemma27b/gemma3-27b/acts/original_lcbhard_9_e1	1334	1736
