/home/darkstar/bluedot-unit2-impossiblebench/concealment-probe/data/qwen38/qwen38-27b/tokens/oneoff_lcbhard_1_e1.txt	/home/darkstar/bluedot-unit2-impossiblebench/concealment-probe/data/qwen38/qwen38-27b/acts/oneoff_lcbhard_1_e1	5083	6229
/home/darkstar/bluedot-unit2-impossiblebench/concealment-probe/data/qwen38/qwen38-27b/tokens/oneoff_lcbhard_10_e1.txt	/home/darkstar/bluedot-unit2-impossiblebench/concealment-probe/data/qwen38/qwen38-27b/acts/oneoff_lcbhard_10_e1	4584	5398
/home/darkstar/bluedot-unit2-impossiblebench/concealment-probe/data/qwen38/qwen38-27b/tokens/oneoff_lcbhard_15_e1.txt	/home/darkstar/bluedot-unit2-impossiblebench/concealment-probe/data/qwen38/qwen38-27b/acts/oneoff_lcbhard_15_e1	2988	3523
/home/darkstar/bluedot-unit2-impossiblebench/concealment-probe/data/qwen38/qwen38-27b/tokens/oneoff_lcbhard_21_e1.txt	/home/darkstar/bluedot-unit2-impossiblebench/concealment-probe/data/qwen38/qwen38-27b/acts/oneoff_lcbhard_21_e1	5724	9822
/home/darkstar/bluedot-unit2-impossiblebench/concealment-probe/data/qwen38/qwen38-27b/tokens/oneoff_lcbhard_30_e1.txt	/home/darkstar/bluedot-unit2-impossiblebench/concealment-probe/data/qwen38/qwen38-27b/acts/oneoff_lcbhard_30_e1	1802	3210
/home/darkstar/bluedot-unit2-impossiblebench/concealment-probe/data/qwen38/qwen38-27b/tokens/oneoff_lcbhard_32_e1.txt	/home/darkstar/bluedot-unit2-impossiblebench/concealment-probe/data/qwen38/qwen38-27b/acts/oneoff_lcbhard_32_e1	8398	12496
/home/darkstar/bluedot-unit2-impossiblebench/concealment-probe/data/qwen38/qwen38-27b/tokens/oneoff_lcbhard_33_e1.txt	/home/darkstar/bluedot-unit2-impossiblebench/concealment-probe/data/qwen38/qwen38-27b/acts/oneoff_lcbhard_33_e1	2808	6666
/home/darkstar/bluedot-unit2-impossiblebench/concealment-probe/data/qwen38/qwen38-27b/tokens/oneoff_lcbhard_37_e1.txt	/home/darkstar/bluedot-unit2-impossiblebench/concealment-probe/data/qwen38/qwen38-27b/acts/oneoff_lcbhard_37_e1	1876	5974
/home/darkstar/bluedot-unit2-impossiblebench/concealment-probe/data/qwen38/qwen38-27b/tokens/oneoff_lcbhard_41_e1.txt	/home/darkstar/bluedot-unit2-impossiblebench/concealment-probe/data/qwen38/qwen38-27b/acts/oneoff_lcbhard_41_e1	4647	6446
/home/darkstar/bluedot-unit2-impossiblebench/concealment-probe/data/qwen38/qwen38-27b/tokens/oneoff_lcbhard_44_e1.txt	/home/darkstar/bluedot-unit2-impossiblebench/concealment-probe/data/qwen38/qwen38-27b/acts/oneoff_lcbhard_44_e1	2035	2581
/home/darkstar/bluedot-unit2-impossiblebench/concealment-probe/data/qwen38/qwen38-27b/tokens/oneoff_lcbhard_45_e1.txt	/home/darkstar/bluedot-unit2-impossiblebench/concealment-probe/data/qwen38/qwen38-27b/acts/oneoff_lcbhard_45_e1	6286	7115
/home/darkstar/bluedot-unit2-impossiblebench/concealment-probe/data/qwen38/qwen38-27b/tokens/oneoff_lcbhard_47_e1.txt	/home/darkstar/bluedot-unit2-impossiblebench/concealment-probe/data/qwen38/qwen38-27b/acts/oneoff_lcbhard_47_e1	4527	5325
/home/darkstar/bluedot-unit2-impossiblebench/concealment-probe/data/qwen38/qwen38-27b/tokens/oneoff_lcbhard_50_e1.txt	/home/darkstar/bluedot-unit2-impossiblebench/concealment-probe/data/qwen38/qwen38-27b/acts/oneoff_lcbhard_50_e1	7766	8599
/home/darkstar/bluedot-unit2-impossiblebench/concealment-probe/data/qwen38/qwen38-27b/tokens/oneoff_lcbhard_55_e1.txt	/home/darkstar/bluedot-unit2-impossiblebench/concealment-probe/data/qwen38/qwen38-27b/acts/oneoff_lcbhard_55_e1	5955	6296
/home/darkstar/bluedot-unit2-impossiblebench/concealment-probe/data/qwen38/qwen38-27b/tokens/oneoff_lcbhard_56_e1.txt	/home/darkstar/bluedot-unit2-impossiblebench/concealment-probe/data/qwen38/qwen38-27b/acts/oneoff_lcbhard_56_e1	4918	6423
/home/darkstar/bluedot-unit2-impossiblebench/concealment-probe/data/qwen38/qwen38-27b/tokens/oneoff_lcbhard_58_e1.txt	/home/darkstar/bluedot-unit2-impossiblebench/concealment-probe/data/qwen38/qwen38-27b/acts/oneoff_lcbhard_58_e1	7912	11886
/home/darkstar/bluedot-unit2-impossiblebench/concealment-probe/data/qwen38/qwen38-27b/tokens/oneoff_lcbhard_65_e1.txt	/home/darkstar/bluedot-unit2-impossiblebench/concealment-probe/data/qwen38/qwen38-27b/acts/oneoff_lcbhard_65_e1	1937	6024
/home/darkstar/bluedot-unit2-impossiblebench/concealment-probe/data/qwen38/qwen38-27b/tokens/oneoff_lcbhard_66_e1.txt	/home/darkstar/bluedot-unit2-impossiblebench/concealment-probe/data/qwen38/qwen38-27b/acts/oneoff_lcbhard_66_e1	5563	7764
/home/darkstar/bluedot-unit2-impossiblebench/concealment-probe/data/qwen38/qwen38-27b/tokens/oneoff_lcbhard_67_e1.txt	/home/darkstar/bluedot-unit2-impossiblebench/concealment-probe/data/qwen38/qwen38-27b/acts/oneoff_lcbhard_67_e1	4426	8524
/home/darkstar/bluedot-unit2-impossiblebench/concealment-probe/data/qwen38/qwen38-27b/tokens/oneoff_lcbhard_72_e1.txt	/home/darkstar/bluedot-unit2-impossiblebench/concealment-probe/data/qwen38/qwen38-27b/acts/oneoff_lcbhard_72_e1	4811	5395
/home/darkstar/bluedot-unit2-impossiblebench/concealment-probe/data/qwen38/qwen38-27b/tokens/oneoff_lcbhard_78_e1.txt	/home/darkstar/bluedot-unit2-impossiblebench/concealment-probe/data/qwen38/qwen38-27b/acts/oneoff_lcbhard_78_e1	6408	10506
/home/darkstar/bluedot-unit2-impossiblebench/concealment-probe/data/qwen38/qwen38-27b/tokens/oneoff_lcbhard_8_e1.txt	/home/darkstar/bluedot-unit2-impossiblebench/concealment-probe/data/qwen38/qwen38-27b/acts/oneoff_lcbhard_8_e1	2812	6910
/home/darkstar/bluedot-unit2-impossiblebench/concealment-probe/data/qwen38/qwen38-27b/tokens/oneoff_lcbhard_80_e1.txt	/home/darkstar/bluedot-unit2-impossiblebench/concealment-probe/data/qwen38/qwen38-27b/acts/oneoff_lcbhard_80_e1	11846	12560
/home/darkstar/bluedot-unit2-impossiblebench/concealment-probe/data/qwen38/qwen38-27b/tokens/oneoff_lcbhard_82_e1.txt	/home/darkstar/bluedot-unit2-impossiblebench/concealment-probe/data/qwen38/qwen38-27b/acts/oneoff_lcbhard_82_e1	6754	10852
/home/darkstar/bluedot-unit2-impossiblebench/concealment-probe/data/qwen38/qwen38-27b/tokens/oneoff_lcbhard_9_e1.txt	/home/darkstar/bluedot-unit2-impossiblebench/concealment-probe/data/qwen38/qwen38-27b/acts/oneoff_lcbhard_9_e1	4150	6234
/home/darkstar/bluedot-unit2-impossiblebench/concealment-probe/data/qwen38/qwen38-27b/tokens/original_lcbhard_1_e1.txt	/home/darkstar/bluedot-unit2-impossiblebench/concealment-probe/data/qwen38/qwen38-27b/acts/original_lcbhard_1_e1	854	2687
/home/darkstar/bluedot-unit2-impossiblebench/concealment-probe/data/qwen38/qwen38-27b/tokens/original_lcbhard_10_e1.txt	/home/darkstar/bluedot-unit2-impossiblebench/concealment-probe/data/qwen38/qwen38-27b/acts/original_lcbhard_10_e1	4480	5450
/home/darkstar/bluedot-unit2-impossiblebench/concealment-probe/data/qwen38/qwen38-27b/tokens/original_lcbhard_101_e1.txt	/home/darkstar/bluedot-unit2-impossiblebench/concealment-probe/data/qwen38/qwen38-27b/acts/original_lcbhard_101_e1	5882	8273
/home/darkstar/bluedot-unit2-impossiblebench/concealment-probe/data/qwen38/qwen38-27b/tokens/original_lcbhard_12_e1.txt	/home/darkstar/bluedot-unit2-impossiblebench/concealment-probe/data/qwen38/qwen38-27b/acts/original_lcbhard_12_e1	3725	4117
/home/darkstar/bluedot-unit2-impossiblebench/concealment-probe/data/qwen38/qwen38-27b/tokens/original_lcbhard_15_e1.txt	/home/darkstar/bluedot-unit2-impossiblebench/concealment-probe/data/qwen38/qwen38-27b/acts/original_lcbhard_15_e1	2956	3269
/home/darkstar/bluedot-unit2-impossiblebench/concealment-probe/data/qwen38/qwen38-27b/tokens/original_lcbhard_18_e1.txt	/home/darkstar/bluedot-unit2-impossiblebench/concealment-probe/data/qwen38/qwen38-27b/acts/original_lcbhard_18_e1	5277	6464
/home/darkstar/bluedot-unit2-impossiblebench/concealment-probe/data/qwen38/qwen38-27b/tokens/original_lcbhard_21_e1.txt	/home/darkstar/bluedot-unit2-impossiblebench/concealment-probe/data/qwen38/qwen38-27b/acts/original_lcbhard_21_e1	5629	9514
/home/darkstar/bluedot-unit2-impossiblebench/concealment-probe/data/qwen38/qwen38-27b/tokens/original_lcbhard_23_e1.txt	/home/darkstar/bluedot-unit2-impossiblebench/concealment-probe/data/qwen38/qwen38-27b/acts/original_lcbhard_23_e1	5490	6102
/home/darkstar/bluedot-unit2-impossiblebench/concealment-probe/data/qwen38/qwen38-27b/tokens/original_lcbhard_26_e1.txt	/home/darkstar/bluedot-unit2-impossiblebench/concealment-probe/data/qwen38/qwen38-27b/acts/original_lcbhard_26_e1	5566	7368
/home/darkstar/bluedot-unit2-impossiblebench/concealment-probe/data/qwen38/qwen38-27b/tokens/original_lcbhard_30_e1.txt	/home/darkstar/bluedot-unit2-impossiblebench/concealment-probe/data/qwen38/qwen38-27b/acts/original_lcbhard_30_e1	2820	3453
/home/darkstar/bluedot-unit2-impossiblebench/concealment-probe/data/qwen38/qwen38-27b/tokens/original_lcbhard_32_e1.txt	/home/darkstar/bluedot-unit2-impossiblebench/concealment-probe/data/qwen38/qwen38-27b/acts/original_lcbhard_32_e1	8301	10370
/home/darkstar/bluedot-unit2-impossiblebench/concealment-probe/data/qwen38/qwen38-27b/tokens/original_lcbhard_33_e1.txt	/home/darkstar/bluedot-unit2-impossiblebench/concealment-probe/data/qwen38/qwen38-27b/acts/original_lcbhard_33_e1	5195	6504
/home/darkstar/bluedot-unit2-impossiblebench/concealment-probe/data/qwen38/qwen38-27b/tokens/original_lcbhard_36_e1.txt	/home/darkstar/bluedot-unit2-impossiblebench/concealment-probe/data/qwen38/qwen38-27b/acts/original_lcbhard_36_e1	25722	29820
/home/darkstar/bluedot-unit2-impossiblebench/concealment-probe/data/qwen38/qwen38-27b/tokens/original_lcbhard_37_e1.txt	/home/darkstar/bluedot-unit2-impossiblebench/concealment-probe/data/qwen38/qwen38-27b/acts/original_lcbhard_37_e1	520	2223
/home/darkstar/bluedot-unit2-impossiblebench/concealment-probe/data/qwen38/qwen38-27b/tokens/original_lcbhard_39_e1.txt	/home/darkstar/bluedot-unit2-impossiblebench/concealment-probe/data/qwen38/qwen38-27b/acts/original_lcbhard_39_e1	4032	4700
/home/darkstar/bluedot-unit2-impossiblebench/concealment-probe/data/qwen38/qwen38-27b/tokens/original_lcbhard_40_e1.txt	/home/darkstar/bluedot-unit2-impossiblebench/concealment-probe/data/qwen38/qwen38-27b/acts/original_lcbhard_40_e1	2256	5110
/home/darkstar/bluedot-unit2-impossiblebench/concealment-probe/data/qwen38/qwen38-27b/tokens/original_lcbhard_41_e1.txt	/home/darkstar/bluedot-unit2-impossiblebench/concealment-probe/data/qwen38/qwen38-27b/acts/original_lcbhard_41_e1	3313	4261
/home/darkstar/bluedot-unit2-impossiblebench/concealment-probe/data/qwen38/qwen38-27b/tokens/original_lcbhard_42_e1.txt	/home/darkstar/bluedot-unit2-impossiblebench/concealment-probe/data/qwen38/qwen38-27b/acts/original_lcbhard_42_e1	7082	7904
/home/darkstar/bluedot-unit2-impossiblebench/concealment-probe/data/qwen38/qwen38-27b/tokens/original_lcbhard_44_e1.txt	/home/darkstar/bluedot-unit2-impossiblebench/concealment-probe/data/qwen38/qwen38-27b/acts/original_lcbhard_44_e1	1108	2262
/home/darkstar/bluedot-unit2-impossiblebench/concealment-probe/data/qwen38/qwen38-27b/tokens/original_lcbhard_45_e1.txt	/home/darkstar/bluedot-unit2-impossiblebench/concealment-probe/data/qwen38/qwen38-27b/acts/original_lcbhard_45_e1	2655	3771
/home/darkstar/bluedot-unit2-impossiblebench/concealment-probe/data/qwen38/qwen38-27b/tokens/original_lcbhard_47_e1.txt	/home/darkstar/bluedot-unit2-impossiblebench/concealment-probe/data/qwen38/qwen38-27b/acts/original_lcbhard_47_e1	1819	5047
/home/darkstar/bluedot-unit2-impossiblebench/concealment-probe/data/qwen38/qwen38-27b/tokens/original_lcbhard_48_e1.txt	/home/darkstar/bluedot-unit2-impossiblebench/concealment-probe/data/qwen38/qwen38-27b/acts/original_lcbhard_48_e1	11053	11318
/home/darkstar/bluedot-unit2-impossiblebench/concealment-probe/data/qwen38/qwen38-27b/tokens/original_lcbhard_49_e1.txt	/home/darkstar/bluedot-unit2-impossiblebench/concealment-probe/data/qwen38/qwen38-27b/acts/original_lcbhard_49_e1	2678	6134
/home/darkstar/bluedot-unit2-impossiblebench/concealment-probe/data/qwen38/qwen38-27b/tokens/original_lcbhard_5_e1.txt	/home/darkstar/bluedot-unit2-impossiblebench/concealment-probe/data/qwen38/qwen38-27b/acts/original_lcbhard_5_e1	5173	8159
/home/darkstar/bluedot-unit2-impossiblebench/concealment-probe/data/qwen38/qwen38-27b/tokens/original_lcbhard_50_e1.txt	/home/darkstar/bluedot-unit2-impossiblebench/concealment-probe/data/qwen38/qwen38-27b/acts/original_lcbhard_50_e1	7815	9440
/home/darkstar/bluedot-unit2-impossiblebench/concealment-probe/data/qwen38/qwen38-27b/tokens/original_lcbhard_52_e1.txt	/home/darkstar/bluedot-unit2-impossiblebench/concealment-probe/data/qwen38/qwen38-27b/acts/original_lcbhard_52_e1	5992	6709
/home/darkstar/bluedot-unit2-impossiblebench/concealment-probe/data/qwen38/qwen38-27b/tokens/original_lcbhard_55_e1.txt	/home/darkstar/bluedot-unit2-impossiblebench/concealment-probe/data/qwen38/qwen38-27b/acts/original_lcbhard_55_e1	8632	9609
/home/darkstar/bluedot-unit2-impossiblebench/concealment-probe/data/qwen38/qwen38-27b/tokens/original_lcbhard_56_e1.txt	/home/darkstar/bluedot-unit2-impossiblebench/concealment-probe/data/qwen38/qwen38-27b/acts/original_lcbhard_56_e1	3124	4433
/home/darkstar/bluedot-unit2-impossiblebench/concealment-probe/data/qwen38/qwen38-27b/tokens/original_lcbhard_58_e1.txt	/home/darkstar/bluedot-unit2-impossiblebench/concealment-probe/data/qwen38/qwen38-27b/acts/original_lcbhard_58_e1	6475	6918
/home/darkstar/bluedot-unit2-impossiblebench/concealment-probe/data/qwen38/qwen38-27b/tokens/original_lcbhard_59_e1.txt	/home/darkstar/bluedot-unit2-impossiblebench/concealment-probe/data/qwen38/qwen38-27b/acts/original_lcbhard_59_e1	2320	6418
/home/darkstar/bluedot-unit2-impossiblebench/concealment-probe/data/qwen38/qwen38-27b/tokens/original_lcbhard_61_e1.txt	/home/darkstar/bluedot-unit2-impossiblebench/concealment-probe/data/qwen38/qwen38-27b/acts/original_lcbhard_61_e1	5472	6847
/home/darkstar/bluedot-unit2-impossiblebench/concealment-probe/data/qwen38/qwen38-27b/tokens/original_lcbhard_62_e1.txt	/home/darkstar/bluedot-unit2-impossiblebench/concealment-probe/data/qwen38/qwen38-27b/acts/original_lcbhard_62_e1	1726	2363
/home/darkstar/bluedot-unit2-impossiblebench/concealment-probe/data/qwen38/qwen38-27b/tokens/original_lcbhard_63_e1.txt	/home/darkstar/bluedot-unit2-impossiblebench/concealment-probe/data/qwen38/qwen38-27b/acts/original_lcbhard_63_e1	5108	9206
/home/darkstar/bluedot-unit2-impossiblebench/concealment-probe/data/qwen38/qwen38-27b/tokens/original_lcbhard_65_e1.txt	/home/darkstar/bluedot-unit2-impossiblebench/concealment-probe/data/qwen38/qwen38-27b/acts/original_lcbhard_65_e1	1038	2206
/home/darkstar/bluedot-unit2-impossiblebench/concealment-probe/data/qwen38/qwen38-27b/tokens/original_lcbhard_66_e1.txt	/home/darkstar/bluedot-unit2-impossiblebench/concealment-probe/data/qwen38/qwen38-27b/acts/original_lcbhard_66_e1	1319	3501
/home/darkstar/bluedot-unit2-impossiblebench/concealment-probe/data/qwen38/qwen38-27b/tokens/original_lcbhard_67_e1.txt	/home/darkstar/bluedot-unit2-impossiblebench/concealment-probe/data/qwen38/qwen38-27b/acts/original_lcbhard_67_e1	5228	7350
/home/darkstar/bluedot-unit2-impossiblebench/concealment-probe/data/qwen38/qwen38-27b/tokens/original_lcbhard_68_e1.txt	/home/darkstar/bluedot-unit2-impossiblebench/concealment-probe/data/qwen38/qwen38-27b/acts/original_lcbhard_68_e1	1605	3710
/home/darkstar/bluedot-unit2-impossiblebench/concealment-probe/data/qwen38/qwen38-27b/tokens/original_lcbhard_72_e1.txt	/home/darkstar/bluedot-unit2-impossiblebench/concealment-probe/data/qwen38/qwen38-27b/acts/original_lcbhard_72_e1	1387	2504
/home/darkstar/bluedot-unit2-impossiblebench/concealment-probe/data/qwen38/qwen38-27b/tokens/original_lcbhard_74_e1.txt	/home/darkstar/bluedot-unit2-impossiblebench/concealment-probe/data/qwen38/qwen38-27b/acts/original_lcbhard_74_e1	5264	6334
/home/darkstar/bluedot-unit2-impossiblebench/concealment-probe/data/qwen38/qwen38-27b/tokens/original_lcbhard_76_e1.txt	/home/darkstar/bluedot-unit2-impossiblebench/concealment-probe/data/qwen38/qwen38-27b/acts/original_lcbhard_76_e1	5689	8339
/home/darkstar/bluedot-unit2-impossiblebench/concealment-probe/data/qwen38/qwen38-27b/tokens/original_lcbhard_78_e1.txt	/home/darkstar/bluedot-unit2-impossiblebench/concealment-probe/data/qwen38/qwen38-27b/acts/original_lcbhard_78_e1	4849	5480
/home/darkstar/bluedot-unit2-impossiblebench/concealment-probe/data/qwen38/qwen38-27b/tokens/original_lcbhard_79_e1.txt	/home/darkstar/bluedot-unit2-impossiblebench/concealment-probe/data/qwen38/qwen38-27b/acts/original_lcbhard_79_e1	2000	3931
/home/darkstar/bluedot-unit2-impossiblebench/concealment-probe/data/qwen38/qwen38-27b/tokens/original_lcbhard_8_e1.txt	/home/darkstar/bluedot-unit2-impossiblebench/concealment-probe/data/qwen38/qwen38-27b/acts/original_lcbhard_8_e1	4623	5217
/home/darkstar/bluedot-unit2-impossiblebench/concealment-probe/data/qwen38/qwen38-27b/tokens/original_lcbhard_80_e1.txt	/home/darkstar/bluedot-unit2-impossiblebench/concealment-probe/data/qwen38/qwen38-27b/acts/original_lcbhard_80_e1	9649	10841
/home/darkstar/bluedot-unit2-impossiblebench/concealment-probe/data/qwen38/qwen38-27b/tokens/original_lcbhard_82_e1.txt	/home/darkstar/bluedot-unit2-impossiblebench/concealment-probe/data/qwen38/qwen38-27b/acts/original_lcbhard_82_e1	6726	10824
/home/darkstar/bluedot-unit2-impossiblebench/concealment-probe/data/qwen38/qwen38-27b/tokens/original_lcbhard_87_e1.txt	/home/darkstar/bluedot-unit2-impossiblebench/concealment-probe/data/qwen38/qwen38-27b/acts/original_lcbhard_87_e1	5976	10074
/home/darkstar/bluedot-unit2-impossiblebench/concealment-probe/data/qwen38/qwen38-27b/tokens/original_lcbhard_89_e1.txt	/home/darkstar/bluedot-unit2-impossiblebench/concealment-probe/data/qwen38/qwen38-27b/acts/original_lcbhard_89_e1	3572	3936
/home/darkstar/bluedot-unit2-impossiblebench/concealment-probe/data/qwen38/qwen38-27b/tokens/original_lcbhard_9_e1.txt	/home/darkstar/bluedot-unit2-impossiblebench/concealment-probe/data/qwen38/qwen38-27b/acts/original_lcbhard_9_e1	2817	3217
/home/darkstar/bluedot-unit2-impossiblebench/concealment-probe/data/qwen38/qwen38-27b/tokens/original_lcbhard_95_e1.txt	/home/darkstar/bluedot-unit2-impossiblebench/concealment-probe/data/qwen38/qwen38-27b/acts/original_lcbhard_95_e1	5617	8180
/home/darkstar/bluedot-unit2-impossiblebench/concealment-probe/data/qwen38/qwen38-27b/tokens/original_lcbhard_97_e1.txt	/home/darkstar/bluedot-unit2-impossiblebench/concealment-probe/data/qwen38/qwen38-27b/acts/original_lcbhard_97_e1	4449	4896
/home/darkstar/bluedot-unit2-impossiblebench/concealment-probe/data/qwen38/qwen38-27b/tokens/conflicting_lcbhard_1_e1.txt	/home/darkstar/bluedot-unit2-impossiblebench/concealment-probe/data/qwen38/qwen38-27b/acts/conflicting_lcbhard_1_e1	3843	4435
/home/darkstar/bluedot-unit2-impossiblebench/concealment-probe/data/qwen38/qwen38-27b/tokens/conflicting_lcbhard_10_e1.txt	/home/darkstar/bluedot-unit2-impossiblebench/concealment-probe/data/qwen38/qwen38-27b/acts/conflicting_lcbhard_10_e1	4993	5868
/home/darkstar/bluedot-unit2-impossiblebench/concealment-probe/data/qwen38/qwen38-27b/tokens/conflicting_lcbhard_15_e1.txt	/home/darkstar/bluedot-unit2-impossiblebench/concealment-probe/data/qwen38/qwen38-27b/acts/conflicting_lcbhard_15_e1	1389	3435
/home/darkstar/bluedot-unit2-impossiblebench/concealment-probe/data/qwen38/qwen38-27b/tokens/conflicting_lcbhard_21_e1.txt	/home/darkstar/bluedot-unit2-impossiblebench/concealment-probe/data/qwen38/qwen38-27b/acts/conflicting_lcbhard_21_e1	5639	9737
/home/darkstar/bluedot-unit2-impossiblebench/concealment-probe/data/qwen38/qwen38-27b/tokens/conflicting_lcbhard_30_e1.txt	/home/darkstar/bluedot-unit2-impossiblebench/concealment-probe/data/qwen38/qwen38-27b/acts/conflicting_lcbhard_30_e1	2006	3818
/home/darkstar/bluedot-unit2-impossiblebench/concealment-probe/data/qwen38/qwen38-27b/tokens/conflicting_lcbhard_32_e1.txt	/home/darkstar/bluedot-unit2-impossiblebench/concealment-probe/data/qwen38/qwen38-27b/acts/conflicting_lcbhard_32_e1	8320	10804
/home/darkstar/bluedot-unit2-impossiblebench/concealment-probe/data/qwen38/qwen38-27b/tokens/conflicting_lcbhard_33_e1.txt	/home/darkstar/bluedot-unit2-impossiblebench/concealment-probe/data/qwen38/qwen38-27b/acts/conflicting_lcbhard_33_e1	3079	5220
/home/darkstar/bluedot-unit2-impossiblebench/concealment-probe/data/qwen38/qwen38-27b/tokens/conflicting_lcbhard_37_e1.txt	/home/darkstar/bluedot-unit2-impossiblebench/concealment-probe/data/qwen38/qwen38-27b/acts/conflicting_lcbhard_37_e1	4876	5900
/home/darkstar/bluedot-unit2-impossiblebench/concealment-probe/data/qwen38/qwen38-27b/tokens/conflicting_lcbhard_41_e1.txt	/home/darkstar/bluedot-unit2-impossiblebench/concealment-probe/data/qwen38/qwen38-27b/acts/conflicting_lcbhard_41_e1	6261	7497
/home/darkstar/bluedot-unit2-impossiblebench/concealment-probe/data/qwen38/qwen38-27b/tokens/conflicting_lcbhard_44_e1.txt	/home/darkstar/bluedot-unit2-impossiblebench/concealment-probe/data/qwen38/qwen38-27b/acts/conflicting_lcbhard_44_e1	2978	7076
/home/darkstar/bluedot-unit2-impossiblebench/concealment-probe/data/qwen38/qwen38-27b/tokens/conflicting_lcbhard_45_e1.txt	/home/darkstar/bluedot-unit2-impossiblebench/concealment-probe/data/qwen38/qwen38-27b/acts/conflicting_lcbhard_45_e1	4135	5498
/home/darkstar/bluedot-unit2-impossiblebench/concealment-probe/data/qwen38/qwen38-27b/tokens/conflicting_lcbhard_47_e1.txt	/home/darkstar/bluedot-unit2-impossiblebench/concealment-probe/data/qwen38/qwen38-27b/acts/conflicting_lcbhard_47_e1	2967	7065
/home/darkstar/bluedot-unit2-impossiblebench/concealment-probe/data/qwen38/qwen38-27b/tokens/conflicting_lcbhard_50_e1.txt	/home/darkstar/bluedot-unit2-impossiblebench/concealment-probe/data/qwen38/qwen38-27b/acts/conflicting_lcbhard_50_e1	7291	8556
/home/darkstar/bluedot-unit2-impossiblebench/concealment-probe/data/qwen38/qwen38-27b/tokens/conflicting_lcbhard_55_e1.txt	/home/darkstar/bluedot-unit2-impossiblebench/concealment-probe/data/qwen38/qwen38-27b/acts/conflicting_lcbhard_55_e1	7186	7564
/home/darkstar/bluedot-unit2-impossiblebench/concealment-probe/data/qwen38/qwen38-27b/tokens/conflicting_lcbhard_56_e1.txt	/home/darkstar/bluedot-unit2-impossiblebench/concealment-probe/data/qwen38/qwen38-27b/acts/conflicting_lcbhard_56_e1	6700	7837
/home/darkstar/bluedot-unit2-impossiblebench/concealment-probe/data/qwen38/qwen38-27b/tokens/conflicting_lcbhard_58_e1.txt	/home/darkstar/bluedot-unit2-impossiblebench/concealment-probe/data/qwen38/qwen38-27b/acts/conflicting_lcbhard_58_e1	7889	10184
/home/darkstar/bluedot-unit2-impossiblebench/concealment-probe/data/qwen38/qwen38-27b/tokens/conflicting_lcbhard_65_e1.txt	/home/darkstar/bluedot-unit2-impossiblebench/concealment-probe/data/qwen38/qwen38-27b/acts/conflicting_lcbhard_65_e1	2047	2857
/home/darkstar/bluedot-unit2-impossiblebench/concealment-probe/data/qwen38/qwen38-27b/tokens/conflicting_lcbhard_66_e1.txt	/home/darkstar/bluedot-unit2-impossiblebench/concealment-probe/data/qwen38/qwen38-27b/acts/conflicting_lcbhard_66_e1	3376	5015
/home/darkstar/bluedot-unit2-impossiblebench/concealment-probe/data/qwen38/qwen38-27b/tokens/conflicting_lcbhard_67_e1.txt	/home/darkstar/bluedot-unit2-impossiblebench/concealment-probe/data/qwen38/qwen38-27b/acts/conflicting_lcbhard_67_e1	4858	8005
/home/darkstar/bluedot-unit2-impossiblebench/concealment-probe/data/qwen38/qwen38-27b/tokens/conflicting_lcbhard_72_e1.txt	/home/darkstar/bluedot-unit2-impossiblebench/concealment-probe/data/qwen38/qwen38-27b/acts/conflicting_lcbhard_72_e1	5400	6762
/home/darkstar/bluedot-unit2-impossiblebench/concealment-probe/data/qwen38/qwen38-27b/tokens/conflicting_lcbhard_78_e1.txt	/home/darkstar/bluedot-unit2-impossiblebench/concealment-probe/data/qwen38/qwen38-27b/acts/conflicting_lcbhard_78_e1	6463	7158
/home/darkstar/bluedot-unit2-impossiblebench/concealment-probe/data/qwen38/qwen38-27b/tokens/conflicting_lcbhard_8_e1.txt	/home/darkstar/bluedot-unit2-impossiblebench/concealment-probe/data/qwen38/qwen38-27b/acts/conflicting_lcbhard_8_e1	5193	5539
/home/darkstar/bluedot-unit2-impossiblebench/concealment-probe/data/qwen38/qwen38-27b/tokens/conflicting_lcbhard_80_e1.txt	/home/darkstar/bluedot-unit2-impossiblebench/concealment-probe/data/qwen38/qwen38-27b/acts/conflicting_lcbhard_80_e1	12175	14343
/home/darkstar/bluedot-unit2-impossiblebench/concealment-probe/data/qwen38/qwen38-27b/tokens/conflicting_lcbhard_82_e1.txt	/home/darkstar/bluedot-unit2-impossiblebench/concealment-probe/data/qwen38/qwen38-27b/acts/conflicting_lcbhard_82_e1	6781	10879
/home/darkstar/bluedot-unit2-impossiblebench/concealment-probe/data/qwen38/qwen38-27b/tokens/conflicting_lcbhard_9_e1.txt	/home/darkstar/bluedot-unit2-impossiblebench/concealment-probe/data/qwen38/qwen38-27b/acts/conflicting_lcbhard_9_e1	5006	9104
