/home/darkstar/bluedot-unit2-impossiblebench/splice/tokens/doctored_s4200.txt	/home/darkstar/bluedot-unit2-impossiblebench/splice/acts/doctored_s4200	1213	1551
/home/darkstar/bluedot-unit2-impossiblebench/splice/tokens/doctored_s4201.txt	/home/darkstar/bluedot-unit2-impossiblebench/splice/acts/doctored_s4201	1213	1290
/home/darkstar/bluedot-unit2-impossiblebench/splice/tokens/doctored_s4202.txt	/home/darkstar/bluedot-unit2-impossiblebench/splice/acts/doctored_s4202	1213	1830
/home/darkstar/bluedot-unit2-impossiblebench/splice/tokens/doctored_s4203.txt	/home/darkstar/bluedot-unit2-impossiblebench/splice/acts/doctored_s4203	1213	1544
/home/darkstar/bluedot-unit2-impossiblebench/splice/tokens/doctored_s4204.txt	/home/darkstar/bluedot-unit2-impossiblebench/splice/acts/doctored_s4204	1213	1533
/home/darkstar/bluedot-unit2-impossiblebench/splice/tokens/doctored_s4205.txt	/home/darkstar/bluedot-unit2-impossiblebench/splice/acts/doctored_s4205	1213	1684
/home/darkstar/bluedot-unit2-impossiblebench/splice/tokens/doctored_greedy.txt	/home/darkstar/bluedot-unit2-impossiblebench/splice/acts/doctored_greedy	1213	1535
/home/darkstar/bluedot-unit2-impossiblebench/splice/tokens/control_s4200.txt	/home/darkstar/bluedot-unit2-impossiblebench/splice/acts/control_s4200	1170	1576
/home/darkstar/bluedot-unit2-impossiblebench/splice/tokens/control_s4201.txt	/home/darkstar/bluedot-unit2-impossiblebench/splice/acts/control_s4201	1170	1493
/home/darkstar/bluedot-unit2-impossiblebench/splice/tokens/control_s4202.txt	/home/darkstar/bluedot-unit2-impossiblebench/splice/acts/control_s4202	1170	1250
/home/darkstar/bluedot-unit2-impossiblebench/splice/tokens/control_s4203.txt	/home/darkstar/bluedot-unit2-impossiblebench/splice/acts/control_s4203	1170	1504
/home/darkstar/bluedot-unit2-impossiblebench/splice/tokens/control_s4204.txt	/home/darkstar/bluedot-unit2-impossiblebench/splice/acts/control_s4204	1170	1341
/home/darkstar/bluedot-unit2-impossiblebench/splice/tokens/control_s4205.txt	/home/darkstar/bluedot-unit2-impossiblebench/splice/acts/control_s4205	1170	1943
/home/darkstar/bluedot-unit2-impossiblebench/splice/tokens/control_greedy.txt	/home/darkstar/bluedot-unit2-impossiblebench/splice/acts/control_greedy	1170	1517
