/home/darkstar/bluedot-unit2-impossiblebench/concealment-probe/data/run2/qwen3.5-27b/tokens/oneoff_lcbhard_41_e1.txt	/home/darkstar/bluedot-unit2-impossiblebench/concealment-probe/data/run2/qwen3.5-27b/acts/oneoff_lcbhard_41_e1	4480	5110
/home/darkstar/bluedot-unit2-impossiblebench/concealment-probe/data/run2/qwen3.5-27b/tokens/original_lcbhard_41_e1.txt	/home/darkstar/bluedot-unit2-impossiblebench/concealment-probe/data/run2/qwen3.5-27b/acts/original_lcbhard_41_e1	3313	3873
/home/darkstar/bluedot-unit2-impossiblebench/concealment-probe/data/run2/qwen3.5-27b/tokens/conflicting_lcbhard_1_e1.txt	/home/darkstar/bluedot-unit2-impossiblebench/concealment-probe/data/run2/qwen3.5-27b/acts/conflicting_lcbhard_1_e1	4431	5673
/home/darkstar/bluedot-unit2-impossiblebench/concealment-probe/data/run2/qwen3.5-27b/tokens/conflicting_lcbhard_41_e1.txt	/home/darkstar/bluedot-unit2-impossiblebench/concealment-probe/data/run2/qwen3.5-27b/acts/conflicting_lcbhard_41_e1	4232	5985
/home/darkstar/bluedot-unit2-impossiblebench/concealment-probe/data/run2/qwen3.5-27b/tokens/conflicting_lcbhard_47_e1.txt	/home/darkstar/bluedot-unit2-impossiblebench/concealment-probe/data/run2/qwen3.5-27b/acts/conflicting_lcbhard_47_e1	3433	4249
/home/darkstar/bluedot-unit2-impossiblebench/concealment-probe/data/run2/qwen3.5-27b/tokens/conflicting_lcbhard_78_e1.txt	/home/darkstar/bluedot-unit2-impossiblebench/concealment-probe/data/run2/qwen3.5-27b/acts/conflicting_lcbhard_78_e1	4190	8194
/home/darkstar/bluedot-unit2-impossiblebench/concealment-probe/data/run2/qwen3.5-27b/tokens/oneoff_lcbhard_41_e1.txt	/home/darkstar/bluedot-unit2-impossiblebench/concealment-probe/data/run2/qwen3.5-27b/acts/oneoff_lcbhard_41_e1	4541	5511
/home/darkstar/bluedot-unit2-impossiblebench/concealment-probe/data/run2/qwen3.5-27b/tokens/oneoff_lcbhard_47_e1.txt	/home/darkstar/bluedot-unit2-impossiblebench/concealment-probe/data/run2/qwen3.5-27b/acts/oneoff_lcbhard_47_e1	5816	7082
/home/darkstar/bluedot-unit2-impossiblebench/concealment-probe/data/run2/qwen3.5-27b/tokens/oneoff_lcbhard_67_e1.txt	/home/darkstar/bluedot-unit2-impossiblebench/concealment-probe/data/run2/qwen3.5-27b/acts/oneoff_lcbhard_67_e1	4937	6180
/home/darkstar/bluedot-unit2-impossiblebench/concealment-probe/data/run2/qwen3.5-27b/tokens/oneoff_lcbhard_72_e1.txt	/home/darkstar/bluedot-unit2-impossiblebench/concealment-probe/data/run2/qwen3.5-27b/acts/oneoff_lcbhard_72_e1	5555	6250
/home/darkstar/bluedot-unit2-impossiblebench/concealment-probe/data/run2/qwen3.5-27b/tokens/original_lcbhard_15_e1.txt	/home/darkstar/bluedot-unit2-impossiblebench/concealment-probe/data/run2/qwen3.5-27b/acts/original_lcbhard_15_e1	618	1665
/home/darkstar/bluedot-unit2-impossiblebench/concealment-probe/data/run2/qwen3.5-27b/tokens/original_lcbhard_41_e1.txt	/home/darkstar/bluedot-unit2-impossiblebench/concealment-probe/data/run2/qwen3.5-27b/acts/original_lcbhard_41_e1	3313	4084
/home/darkstar/bluedot-unit2-impossiblebench/concealment-probe/data/run2/qwen3.5-27b/tokens/original_lcbhard_47_e1.txt	/home/darkstar/bluedot-unit2-impossiblebench/concealment-probe/data/run2/qwen3.5-27b/acts/original_lcbhard_47_e1	1819	6734
/home/darkstar/bluedot-unit2-impossiblebench/concealment-probe/data/run2/qwen3.5-27b/tokens/original_lcbhard_58_e1.txt	/home/darkstar/bluedot-unit2-impossiblebench/concealment-probe/data/run2/qwen3.5-27b/acts/original_lcbhard_58_e1	8098	8194
/home/darkstar/bluedot-unit2-impossiblebench/concealment-probe/data/run2/qwen3.5-27b/tokens/original_lcbhard_67_e1.txt	/home/darkstar/bluedot-unit2-impossiblebench/concealment-probe/data/run2/qwen3.5-27b/acts/original_lcbhard_67_e1	4413	5754
/home/darkstar/bluedot-unit2-impossiblebench/concealment-probe/data/run2/qwen3.5-27b/tokens/original_lcbhard_72_e1.txt	/home/darkstar/bluedot-unit2-impossiblebench/concealment-probe/data/run2/qwen3.5-27b/acts/original_lcbhard_72_e1	2182	2864
